sequence,expression_level,,,,sequence00
ATAGGAGGGCCATGATG00000000,11.489178,,,,ATAGGAGGGCCATGATG
GAAGGAGATGTTCTACAATG00000,10.682,,,,GAAGGAGATGTTCTACAATG
GAAGGAAGGACCAACATG0000000,9.979156,,,,GAAGGAAGGACCAACATG
AAAGGTAAGCCCGTCATG0000000,9.897999,,,,AAAGGTAAGCCCGTCATG
ACAGGACGAACTCCCGATG000000,9.836812,,,,ACAGGACGAACTCCCGATG
GATGGAGGATTGGGCCTATG00000,9.619259,,,,GATGGAGGATTGGGCCTATG
AAAGGACAAGAACCATG00000000,9.586111,,,,AAAGGACAAGAACCATG
AGAGGAAAGAAGGACATCATG0000,9.561662,,,,AGAGGAAAGAAGGACATCATG
AAAGGAAACCCGATG0000000000,9.39297,,,,AAAGGAAACCCGATG
GAAGGAGTACACGATG000000000,9.342821,,,,GAAGGAGTACACGATG
GGGGGACGGAAAGGGAAATCCCATG,9.317687,,,,GGGGGACGGAAAGGGAAATCCCATG
GAAGGAGCGAAAAGGAAATG00000,9.272011,,,,GAAGGAGCGAAAAGGAAATG
AAGGGACCCGATGAATG00000000,9.128816,,,,AAGGGACCCGATGAATG
TATGGAGGGGATTCCGCGACATG00,9.107171,,,,TATGGAGGGGATTCCGCGACATG
GAAGGAAGAGCATCATG00000000,9.043915,,,,GAAGGAAGAGCATCATG
ACCGGAGAAGCACAATG00000000,9.004163,,,,ACCGGAGAAGCACAATG
TCGGGAGGTTTTCGATG00000000,8.997706,,,,TCGGGAGGTTTTCGATG
CAAGGAGATCGCTTGCGATG00000,8.996957,,,,CAAGGAGATCGCTTGCGATG
CGAGGAGAGAGACATG000000000,8.97743,,,,CGAGGAGAGAGACATG
GGAGGAAAATCAGCGATG0000000,8.961528,,,,GGAGGAAAATCAGCGATG
AAAGGAGAACCGCGATG00000000,8.947621,,,,AAAGGAGAACCGCGATG
CAAGGAGAAGACGCGACATG00000,8.924528,,,,CAAGGAGAAGACGCGACATG
ACCGGAAAGCGCGCATG00000000,8.904493,,,,ACCGGAAAGCGCGCATG
AAGGGAAGGCAGACATG00000000,8.892055,,,,AAGGGAAGGCAGACATG
ACAGGTGACGGGCCTGATG000000,8.843274,,,,ACAGGTGACGGGCCTGATG
CAAGGATAAGAGAAATG00000000,8.83818,,,,CAAGGATAAGAGAAATG
CACGGAATGAGTTCATG00000000,8.827286,,,,CACGGAATGAGTTCATG
GAAGGAGAAGGGACATGAGCATG00,8.822646,,,,GAAGGAGAAGGGACATGAGCATG
CATGGAGTTCCCGATATG0000000,8.816814,,,,CATGGAGTTCCCGATATG
CGGGGAAGAACAGGATG00000000,8.816397,,,,CGGGGAAGAACAGGATG
CAAGGAGTACTGAATTG00000000,8.814028,,,,CAAGGAGTACTGAATTG
AAAGGACTGAAGTGATG00000000,8.797125,,,,AAAGGACTGAAGTGATG
AAGGGAACGATGCGATG00000000,8.783409,,,,AAGGGAACGATGCGATG
CTGGGAGATTTCTCATG00000000,8.767408,,,,CTGGGAGATTTCTCATG
AGGGGAAAGAAAAACCATG000000,8.765754,,,,AGGGGAAAGAAAAACCATG
ATAGGAGATTCCCGATG00000000,8.760546,,,,ATAGGAGATTCCCGATG
CAAGGAAAAGAACGGAAAAATG000,8.760061,,,,CAAGGAAAAGAACGGAAAAATG
GAAGGAATAAACGATG000000000,8.753702,,,,GAAGGAATAAACGATG
AAAGGAGACACAGGTGCCATG0000,8.747444,,,,AAAGGAGACACAGGTGCCATG
AGGGGAAAACGCGCCATG0000000,8.745453,,,,AGGGGAAAACGCGCCATG
GAAGGACAGATGAGGCATG000000,8.73431,,,,GAAGGACAGATGAGGCATG
AGAGGTAAGACAAATG000000000,8.729196,,,,AGAGGTAAGACAAATG
CAGGGAGAAGATCATG000000000,8.72604,,,,CAGGGAGAAGATCATG
AGAGGATAGAACCATG000000000,8.725103,,,,AGAGGATAGAACCATG
AAGGGAAAGTGCTGTGATG000000,8.722681,,,,AAGGGAAAGTGCTGTGATG
AAGGGAGGGAAGGCTTTG0000000,8.720032,,,,AAGGGAGGGAAGGCTTTG
CAAGGATGAACACGATG00000000,8.719334,,,,CAAGGATGAACACGATG
CCCGGAGGATCCCGGCATG000000,8.694453,,,,CCCGGAGGATCCCGGCATG
AAAGGAAACCCGCATG000000000,8.690639,,,,AAAGGAAACCCGCATG
AAAGGAAATTTCCGCATG0000000,8.684984,,,,AAAGGAAATTTCCGCATG
CATGGAGAAGGGTTCCTGATG0000,8.675253,,,,CATGGAGAAGGGTTCCTGATG
GAGGGAGCTTCCCCATG00000000,8.672611,,,,GAGGGAGCTTCCCCATG
TAAGGAGCGAACATCATG0000000,8.663461,,,,TAAGGAGCGAACATCATG
AGAGGAGGCTGACATG000000000,8.657281,,,,AGAGGAGGCTGACATG
ACAGGAGACCCCCGATG00000000,8.646695,,,,ACAGGAGACCCCCGATG
GAAGGAGCCAGAACATG00000000,8.631259,,,,GAAGGAGCCAGAACATG
CAGGGACAGAGGATTAGGCGATG00,8.621871,,,,CAGGGACAGAGGATTAGGCGATG
AAAGGAGAAAGGGCGCCAGACATG0,8.611252,,,,AAAGGAGAAAGGGCGCCAGACATG
AGGGGAGGACCAAGATG00000000,8.609633,,,,AGGGGAGGACCAAGATG
ACAGGAGGAAAAGCCTATG000000,8.608088,,,,ACAGGAGGAAAAGCCTATG
GCAGGAGATGATGGACTGATG0000,8.598151,,,,GCAGGAGATGATGGACTGATG
GAGGGAAAGCCTGCCATG0000000,8.595169,,,,GAGGGAAAGCCTGCCATG
GAAGGAGTGTTTATG0000000000,8.584701,,,,GAAGGAGTGTTTATG
TGAGGAGGCCCGGTCCATG000000,8.584295,,,,TGAGGAGGCCCGGTCCATG
CAAGGAATGAAGGATC000000000,8.582268,,,,CAAGGAATGAAGGATC
AAGGGAGCGCAACAACACCATG000,8.580957,,,,AAGGGAGCGCAACAACACCATG
CGGGGAAAGAAAGCGCATG000000,8.572025,,,,CGGGGAAAGAAAGCGCATG
GATGGAAGCCCGTGCATG0000000,8.565764,,,,GATGGAAGCCCGTGCATG
AAGGGAGCATCCATCATG0000000,8.565277,,,,AAGGGAGCATCCATCATG
AGAGGAGGAAAGGGTCGGGATG000,8.564933,,,,AGAGGAGGAAAGGGTCGGGATG
AATGGAGAGCTGACGACATG00000,8.563969,,,,AATGGAGAGCTGACGACATG
GATGGAGGACAATCCAGATG00000,8.562036,,,,GATGGAGGACAATCCAGATG
GAAGGATGGTTTCCATG00000000,8.560853,,,,GAAGGATGGTTTCCATG
ACAGGAGCACCGACATG00000000,8.552474,,,,ACAGGAGCACCGACATG
CGTGGAGGAGGCCGATG00000000,8.552319,,,,CGTGGAGGAGGCCGATG
CGAGGAGGGAAGACCGTCCATG000,8.550337,,,,CGAGGAGGGAAGACCGTCCATG
GGGGGACGAGAGCACATG0000000,8.549988,,,,GGGGGACGAGAGCACATG
GCAGGAGCAGACCCTCTATG00000,8.547745,,,,GCAGGAGCAGACCCTCTATG
GAAGGATAGCCATG00000000000,8.542915,,,,GAAGGATAGCCATG
ATAGGAGTCCAGCGGGATG000000,8.540302,,,,ATAGGAGTCCAGCGGGATG
TATGGAGGAAGGACCTGATG00000,8.53339,,,,TATGGAGGAAGGACCTGATG
ACAGGAGGAGCCCATG000000000,8.529432,,,,ACAGGAGGAGCCCATG
CAAGGAGAACCTATG0000000000,8.528684,,,,CAAGGAGAACCTATG
GATGGAAAGGCTGAGCGAATG0000,8.528196,,,,GATGGAAAGGCTGAGCGAATG
GCAGGAGCCTGCCATG000000000,8.523469,,,,GCAGGAGCCTGCCATG
AAAGGATAAAGCCCATG00000000,8.516259,,,,AAAGGATAAAGCCCATG
TAAGGAGAGCCGCCCGTG0000000,8.513971,,,,TAAGGAGAGCCGCCCGTG
AGGGGAGGCACCCATG000000000,8.513157,,,,AGGGGAGGCACCCATG
GGGGGACAAAGACCATG00000000,8.512884,,,,GGGGGACAAAGACCATG
CGGGGAAAAAGCATG0000000000,8.50751,,,,CGGGGAAAAAGCATG
ACGGGAGAGCCGAAGGCATG00000,8.495918,,,,ACGGGAGAGCCGAAGGCATG
AAAGGAGAAACGTGAATG0000000,8.493029,,,,AAAGGAGAAACGTGAATG
CGCGGAGTGATAGCCGGTTG00000,8.490023,,,,CGCGGAGTGATAGCCGGTTG
GAAGGAGAATCGGCATG00000000,8.490002,,,,GAAGGAGAATCGGCATG
CAAGGAAGACTCCCGATG0000000,8.489752,,,,CAAGGAAGACTCCCGATG
CGCGGAGGGCAGCGATG00000000,8.484482,,,,CGCGGAGGGCAGCGATG
TCAGGAAAAGTTTGACAATG00000,8.484421,,,,TCAGGAAAAGTTTGACAATG
GCAGGATACCCCGCCATG0000000,8.482369,,,,GCAGGATACCCCGCCATG
TAAGGTGAGGAACGCGACATG0000,8.480212,,,,TAAGGTGAGGAACGCGACATG
AGAGGAGATGTGACATG00000000,8.474957,,,,AGAGGAGATGTGACATG
CAAGGAATAGGTCCATG00000000,8.467488,,,,CAAGGAATAGGTCCATG
TTAGGAGAGAGGCACCGGATG0000,8.467413,,,,TTAGGAGAGAGGCACCGGATG
AAAGGACTTAAAGACAATG000000,8.45688,,,,AAAGGACTTAAAGACAATG
AAGGGAGCGAGATCGCCGATG0000,8.455657,,,,AAGGGAGCGAGATCGCCGATG
GGAGGAGAGACTCCATG00000000,8.450652,,,,GGAGGAGAGACTCCATG
AAGGGAAGAGACATG0000000000,8.450575,,,,AAGGGAAGAGACATG
CACGGACGGCAAGATG000000000,8.449369,,,,CACGGACGGCAAGATG
CAAGGATCATCCATG0000000000,8.436826,,,,CAAGGATCATCCATG
AACGGAGCGGCAAATG000000000,8.429403,,,,AACGGAGCGGCAAATG
CAAGGAGCAAGCCATG000000000,8.428914,,,,CAAGGAGCAAGCCATG
GAAGGAATACCTGAATG00000000,8.425651,,,,GAAGGAATACCTGAATG
CAAGGAGCGCACCCATG00000000,8.425499,,,,CAAGGAGCGCACCCATG
AAAGGACGGGCCAGATG00000000,8.422756,,,,AAAGGACGGGCCAGATG
CGAGGAGAAGCCCATG000000000,8.420098,,,,CGAGGAGAAGCCCATG
AAAGGAACCGGCCATG000000000,8.416411,,,,AAAGGAACCGGCCATG
TAAGGAGTGAACACATG00000000,8.415171,,,,TAAGGAGTGAACACATG
GAAGGATTGAGGCGCATG0000000,8.414089,,,,GAAGGATTGAGGCGCATG
CCGGGAGGAAGACCGAATG000000,8.411952,,,,CCGGGAGGAAGACCGAATG
GGCGGAGGATGCCATG000000000,8.405352,,,,GGCGGAGGATGCCATG
AAAGGAGAGTGCGATG000000000,8.401146,,,,AAAGGAGAGTGCGATG
ACAGGAGCGCCGGCAAATG000000,8.400497,,,,ACAGGAGCGCCGGCAAATG
AAAGGAGGACGAAATG000000000,8.395223,,,,AAAGGAGGACGAAATG
AAGGGAAATGAGGAATG00000000,8.391501,,,,AAGGGAAATGAGGAATG
AAAGGAAAGAGTAAGCCTGCGTG00,8.390482,,,,AAAGGAAAGAGTAAGCCTGCGTG
AGGGGAAGAAGCCATG000000000,8.386971,,,,AGGGGAAGAAGCCATG
AGAGGAGAGGCCCTTTATG000000,8.379666,,,,AGAGGAGAGGCCCTTTATG
GAAGGAGAAAAACCCAATG000000,8.377876,,,,GAAGGAGAAAAACCCAATG
AAAGGATCAAATCCGCATG000000,8.369136,,,,AAAGGATCAAATCCGCATG
AAAGGAAAGCTCGGATG00000000,8.367544,,,,AAAGGAAAGCTCGGATG
AACGGAGAGGCAGATG000000000,8.366824,,,,AACGGAGAGGCAGATG
AAGGGAAGGGCATG00000000000,8.366748,,,,AAGGGAAGGGCATG
CAAGGACGAGGATG00000000000,8.363992,,,,CAAGGACGAGGATG
CAAGGACGGCTCCCATG00000000,8.362709,,,,CAAGGACGGCTCCCATG
AACGGAGAACCCCGATG00000000,8.361096,,,,AACGGAGAACCCCGATG
AAAGGATGTAAAGAATG00000000,8.360537,,,,AAAGGATGTAAAGAATG
CAGGGAGGGCCATG00000000000,8.3601,,,,CAGGGAGGGCCATG
CCCGGAGGCACGCCATG00000000,8.356757,,,,CCCGGAGGCACGCCATG
GGGGGAGGGAGATG00000000000,8.350678,,,,GGGGGAGGGAGATG
CAAGGATACAGGCGATG00000000,8.350147,,,,CAAGGATACAGGCGATG
AGAGGAGCACCATG00000000000,8.348964,,,,AGAGGAGCACCATG
CGGGGTGAAAGACAAGATG000000,8.347617,,,,CGGGGTGAAAGACAAGATG
AGAGGAAGAGGGAGCCGAGTCCATG,8.345893,,,,AGAGGAAGAGGGAGCCGAGTCCATG
GCAGGAGCGCCCGCCATG0000000,8.341096,,,,GCAGGAGCGCCCGCCATG
CGAGGAGGTAAACCACGATG00000,8.338159,,,,CGAGGAGGTAAACCACGATG
GCGGGACAACGCCAATG00000000,8.335612,,,,GCGGGACAACGCCAATG
AAGGGAATAGCCGATG000000000,8.333669,,,,AAGGGAATAGCCGATG
AGAGGAGAAGAGCGATG00000000,8.331828,,,,AGAGGAGAAGAGCGATG
GGAGGAGAGCAATG00000000000,8.330316,,,,GGAGGAGAGCAATG
TAAGGAGAGCTGCAACCATG00000,8.329009,,,,TAAGGAGAGCTGCAACCATG
CAAGGAAAGAGATGAAGTCATG000,8.326352,,,,CAAGGAAAGAGATGAAGTCATG
GCCGGAGGAGTGATCGATG000000,8.320684,,,,GCCGGAGGAGTGATCGATG
ATAGGAGAAAGCCATG000000000,8.318576,,,,ATAGGAGAAAGCCATG
CGAGGTGAACGACATG000000000,8.31738,,,,CGAGGTGAACGACATG
CGAGGACAGGATCGGCGTG000000,8.315391,,,,CGAGGACAGGATCGGCGTG
AAAGGAAGAACTCATG000000000,8.314255,,,,AAAGGAAGAACTCATG
GCAGGAGTTCCGCGATG00000000,8.313009,,,,GCAGGAGTTCCGCGATG
AGAGGAGCCCTCTCATG00000000,8.312673,,,,AGAGGAGCCCTCTCATG
GCAGGAGGTATCCGATG00000000,8.311637,,,,GCAGGAGGTATCCGATG
CAGGGAGATCTTCATG000000000,8.311604,,,,CAGGGAGATCTTCATG
GCAGGAGACAAACCCATG0000000,8.304313,,,,GCAGGAGACAAACCCATG
CAAGGAAATTCGATCATG0000000,8.303558,,,,CAAGGAAATTCGATCATG
TAAGGAAACCCCGCCATG0000000,8.301287,,,,TAAGGAAACCCCGCCATG
AGGGGAGAAAGTCATG000000000,8.294764,,,,AGGGGAGAAAGTCATG
AATGGAGGAAGAAGATG00000000,8.292002,,,,AATGGAGGAAGAAGATG
GCCGGAGGGCCGCCTGAATG00000,8.291096,,,,GCCGGAGGGCCGCCTGAATG
AGGGGAAGAGTTTCCATG0000000,8.290498,,,,AGGGGAAGAGTTTCCATG
GAAGGAAAAGAAACATG00000000,8.28201,,,,GAAGGAAAAGAAACATG
AAAGGAAGATCCGGCCATG000000,8.277297,,,,AAAGGAAGATCCGGCCATG
AGAGGACCGCGATG00000000000,8.271607,,,,AGAGGACCGCGATG
AAGGGTAACCCGTG00000000000,8.270283,,,,AAGGGTAACCCGTG
TCAGGAGAGCCAGGGGCATG00000,8.269759,,,,TCAGGAGAGCCAGGGGCATG
CGGGGAAACAAGCATG000000000,8.269659,,,,CGGGGAAACAAGCATG
GGGGGACAACCCCAATG00000000,8.268854,,,,GGGGGACAACCCCAATG
AGAGGAGAAAGCCGAATG0000000,8.267552,,,,AGAGGAGAAAGCCGAATG
GGGGGAAGGACGCCATG00000000,8.266827,,,,GGGGGAAGGACGCCATG
GCAGGAAAAAAGAGTAGAAATTG00,8.26573,,,,GCAGGAAAAAAGAGTAGAAATTG
CAAGGAAAAGATGCGATG0000000,8.263218,,,,CAAGGAAAAGATGCGATG
CAAGGATGAAGGGGTGCATCATG00,8.262023,,,,CAAGGATGAAGGGGTGCATCATG
AAAGGAGATGCCCGATG00000000,8.258396,,,,AAAGGAGATGCCCGATG
GAAGGACGGCTCGCATG00000000,8.25668,,,,GAAGGACGGCTCGCATG
AAAGGAATGCCGCCATG00000000,8.255215,,,,AAAGGAATGCCGCCATG
GAGGGAGAAGGCGAATG00000000,8.252256,,,,GAGGGAGAAGGCGAATG
CGAGGTGAATGATGGCATG000000,8.252078,,,,CGAGGTGAATGATGGCATG
CAGGGAGACGGAACCGAGATG0000,8.251613,,,,CAGGGAGACGGAACCGAGATG
GGCGGAGGTAACCAAATG0000000,8.251497,,,,GGCGGAGGTAACCAAATG
GAAGGTGAAAGGTGCTGCCATG000,8.251301,,,,GAAGGTGAAAGGTGCTGCCATG
CCCGGAGGCCTGATTTG00000000,8.243023,,,,CCCGGAGGCCTGATTTG
AAAGGAGGGCCACCCCGTG000000,8.242044,,,,AAAGGAGGGCCACCCCGTG
CAAGGAGGGGGTTCATG00000000,8.240073,,,,CAAGGAGGGGGTTCATG
CCCGGAAAATCAGGCATG0000000,8.238473,,,,CCCGGAAAATCAGGCATG
CGAGGAGCACACCATG000000000,8.235903,,,,CGAGGAGCACACCATG
CGTGGAGGAAGGATTTCATG00000,8.230754,,,,CGTGGAGGAAGGATTTCATG
CAAGGAGAAACCCGTG000000000,8.22853,,,,CAAGGAGAAACCCGTG
TAAGGAGGACGCCATG000000000,8.222523,,,,TAAGGAGGACGCCATG
AGAGGACAGGAAAAATG00000000,8.215732,,,,AGAGGACAGGAAAAATG
GGCGGAGTAGTTCCATG00000000,8.212354,,,,GGCGGAGTAGTTCCATG
AAGGGATAACGGCTCATG0000000,8.207868,,,,AAGGGATAACGGCTCATG
GCGGGAGACTGACATG000000000,8.206752,,,,GCGGGAGACTGACATG
ACAGGAAAAAGCACCATG0000000,8.204131,,,,ACAGGAAAAAGCACCATG
AGGGGACAATAGGCACATG000000,8.198352,,,,AGGGGACAATAGGCACATG
CGAGGACGATCCCTATG00000000,8.196735,,,,CGAGGACGATCCCTATG
AAAGGACCTATTAGAACATG00000,8.192865,,,,AAAGGACCTATTAGAACATG
GATGGAGAGCCATG00000000000,8.191363,,,,GATGGAGAGCCATG
GAAGGATCGGCATG00000000000,8.191318,,,,GAAGGATCGGCATG
GAAGGACAAGCGCGCATG0000000,8.190492,,,,GAAGGACAAGCGCGCATG
AAAGGACCGATGTTG0000000000,8.189262,,,,AAAGGACCGATGTTG
AATGGAAAACCTCCCATG0000000,8.18601,,,,AATGGAAAACCTCCCATG
GGCGGAGGGAACCCATG00000000,8.185649,,,,GGCGGAGGGAACCCATG
ACAGGAGAACCGCATG000000000,8.183644,,,,ACAGGAGAACCGCATG
AAAGGATAACAGCCATG00000000,8.181637,,,,AAAGGATAACAGCCATG
AACGGAGAGACCACCTGATG00000,8.178257,,,,AACGGAGAGACCACCTGATG
AAAGGACGGGGGAAATTTTG00000,8.177494,,,,AAAGGACGGGGGAAATTTTG
AGAGGACGTAAGGACATCATG0000,8.174288,,,,AGAGGACGTAAGGACATCATG
CAAGGACAGAAATCGATG0000000,8.173549,,,,CAAGGACAGAAATCGATG
AAAGGAGACGCTGACATG0000000,8.1733,,,,AAAGGAGACGCTGACATG
TGGGGAGGGCAAACGCATG000000,8.170755,,,,TGGGGAGGGCAAACGCATG
CGAGGAGCGCAAGGCATG0000000,8.169201,,,,CGAGGAGCGCAAGGCATG
GAAGGAGGACCCCATG000000000,8.168203,,,,GAAGGAGGACCCCATG
AAAGGATAACCAGATG000000000,8.167169,,,,AAAGGATAACCAGATG
CGGGGACAGGGCTGTG000000000,8.165182,,,,CGGGGACAGGGCTGTG
GAGGGACAAACGAGGGAAACATG00,8.161412,,,,GAGGGACAAACGAGGGAAACATG
AACGGAGTAGACGGATG00000000,8.161072,,,,AACGGAGTAGACGGATG
AAAGGACAACAGCATG000000000,8.159823,,,,AAAGGACAACAGCATG
CAAGGAGGGGCCTGCTGTG000000,8.159521,,,,CAAGGAGGGGCCTGCTGTG
AAAGGAGCTAGGGCGATG0000000,8.157605,,,,AAAGGAGCTAGGGCGATG
GCGGGAGGGATGCAGCCATG00000,8.156512,,,,GCGGGAGGGATGCAGCCATG
GAGGGAGCCACGCCATG00000000,8.156497,,,,GAGGGAGCCACGCCATG
AAAGGACAAGCCGATG000000000,8.154575,,,,AAAGGACAAGCCGATG
TAAGGAGAAGTTTCATG00000000,8.152851,,,,TAAGGAGAAGTTTCATG
AAAGGTGTAAAGATG0000000000,8.152574,,,,AAAGGTGTAAAGATG
AACGGAAAAGCCATG0000000000,8.150337,,,,AACGGAAAAGCCATG
CGAGGACTCGAGCGAGATG000000,8.149063,,,,CGAGGACTCGAGCGAGATG
CCGGGAGACCAGCATG000000000,8.148659,,,,CCGGGAGACCAGCATG
GAAGGAAAGAAACATG000000000,8.145006,,,,GAAGGAAAGAAACATG
AAAGGATGGCCAAGGCATG000000,8.144051,,,,AAAGGATGGCCAAGGCATG
GGCGGAGTGTATGATG000000000,8.143733,,,,GGCGGAGTGTATGATG
TAAGGAGAATACCATG000000000,8.142023,,,,TAAGGAGAATACCATG
AACGGACAAAGAAGACAATG00000,8.140409,,,,AACGGACAAAGAAGACAATG
CAAGGAGTGCCGCCATG00000000,8.138143,,,,CAAGGAGTGCCGCCATG
GCAGGAAAGAAGAGAGATG000000,8.137695,,,,GCAGGAAAGAAGAGAGATG
GAAGGACAATGGGCAATG0000000,8.1363,,,,GAAGGACAATGGGCAATG
TGAGGAGGACTGGATCTATATG000,8.135582,,,,TGAGGAGGACTGGATCTATATG
CAAGGAGTCAGCCATG000000000,8.134827,,,,CAAGGAGTCAGCCATG
CAAGGTGTAGGGGCTGAGCGATG00,8.131429,,,,CAAGGTGTAGGGGCTGAGCGATG
GGCGGAGAACAACCATG00000000,8.129779,,,,GGCGGAGAACAACCATG
GAAGGAGAGGATAGATG00000000,8.128422,,,,GAAGGAGAGGATAGATG
ACAGGAAGGAAAACATG00000000,8.125268,,,,ACAGGAAGGAAAACATG
CGAGGAGATCCCCAAAATG000000,8.124097,,,,CGAGGAGATCCCCAAAATG
AGAGGTGAAGCATGATG00000000,8.12387,,,,AGAGGTGAAGCATGATG
GCTGGAAACAAGATCATG0000000,8.122496,,,,GCTGGAAACAAGATCATG
GCTGGAGGGCCTCAATG00000000,8.121751,,,,GCTGGAGGGCCTCAATG
AAAGGAAGCGACAAGACCCGATG00,8.120547,,,,AAAGGAAGCGACAAGACCCGATG
AGGGGAAAGAGTTGATG00000000,8.116776,,,,AGGGGAAAGAGTTGATG
ACAGGATAAGGACATG000000000,8.116463,,,,ACAGGATAAGGACATG
AACGGAGGAGAACGTTTGATG0000,8.116286,,,,AACGGAGGAGAACGTTTGATG
ACCGGAGTGGAACCATG00000000,8.115378,,,,ACCGGAGTGGAACCATG
GAAGGAGACGACCATG000000000,8.115327,,,,GAAGGAGACGACCATG
ACCGGAGAGAGTTGGTTCATG0000,8.114723,,,,ACCGGAGAGAGTTGGTTCATG
AAGGGAGGATGCCGATG00000000,8.114307,,,,AAGGGAGGATGCCGATG
GAAGGAGAGGATCGGCGATG00000,8.112304,,,,GAAGGAGAGGATCGGCGATG
CAAGGATCGCGCCCATG00000000,8.106563,,,,CAAGGATCGCGCCCATG
GCAGGAGGGTGTAATCATG000000,8.106088,,,,GCAGGAGGGTGTAATCATG
AAAGGACGGCGCACATG00000000,8.1058,,,,AAAGGACGGCGCACATG
CAAGGAGGAGCTATCATG0000000,8.105063,,,,CAAGGAGGAGCTATCATG
GAGGGAGGGATATATG000000000,8.103473,,,,GAGGGAGGGATATATG
CAGGGAAAGACGGGCGATG000000,8.102847,,,,CAGGGAAAGACGGGCGATG
GAAGGAGACCCCGAATG00000000,8.100938,,,,GAAGGAGACCCCGAATG
CCGGGTGAGTGGAATG000000000,8.100232,,,,CCGGGTGAGTGGAATG
CAAGGAGACGACAGATG00000000,8.096523,,,,CAAGGAGACGACAGATG
CAAGGAGGAACCGGACATG000000,8.095743,,,,CAAGGAGGAACCGGACATG
CGGGGAAAGGTCGCCTTG0000000,8.090749,,,,CGGGGAAAGGTCGCCTTG
CAAGGACCGGCGCGGCCATG00000,8.085309,,,,CAAGGACCGGCGCGGCCATG
ACTGGAAAAACCGCATG00000000,8.082147,,,,ACTGGAAAAACCGCATG
AGAGGATGAGACGGAATG0000000,8.081337,,,,AGAGGATGAGACGGAATG
GCAGGAGATGAAGATCGGATG0000,8.080414,,,,GCAGGAGATGAAGATCGGATG
CACGGAGGACGCGTGATG0000000,8.078325,,,,CACGGAGGACGCGTGATG
CAAGGAGTAGTGCCATG00000000,8.078051,,,,CAAGGAGTAGTGCCATG
AAAGGAAAACCTATG0000000000,8.075057,,,,AAAGGAAAACCTATG
CCGGGTGACGGCGGATG00000000,8.075046,,,,CCGGGTGACGGCGGATG
AGGGGAACCCATCATCGATG00000,8.074707,,,,AGGGGAACCCATCATCGATG
TCCGGAGTGCCCATG0000000000,8.073497,,,,TCCGGAGTGCCCATG
TAAGGAGGTCCCGATG000000000,8.071987,,,,TAAGGAGGTCCCGATG
GAGGGAGAAGCGACAAAGCATG000,8.071451,,,,GAGGGAGAAGCGACAAAGCATG
TAAGGAGAAGTGACGATG0000000,8.066666,,,,TAAGGAGAAGTGACGATG
CAAGGAGCACGCGCAGCATG00000,8.066575,,,,CAAGGAGCACGCGCAGCATG
CCCGGAAGAGAAAGCATG0000000,8.065227,,,,CCCGGAAGAGAAAGCATG
CAAGGACAGCCTCATCATG000000,8.060415,,,,CAAGGACAGCCTCATCATG
CAAGGAGTGACAGACATG0000000,8.053778,,,,CAAGGAGTGACAGACATG
CAAGGATAACGAAATG000000000,8.053503,,,,CAAGGATAACGAAATG
TCGGGAGTATCGAGAATG0000000,8.049517,,,,TCGGGAGTATCGAGAATG
CAAGGAGAGAGAAATG000000000,8.048209,,,,CAAGGAGAGAGAAATG
AGGGGAACACACTGAAATG000000,8.044309,,,,AGGGGAACACACTGAAATG
GCGGGAGGGATGCGGTG00000000,8.044097,,,,GCGGGAGGGATGCGGTG
GCCGGAGGACCCCCATG00000000,8.041633,,,,GCCGGAGGACCCCCATG
GAAGGAGCAGCCATG0000000000,8.038563,,,,GAAGGAGCAGCCATG
AAGGGAAAGGGTGCATG00000000,8.038427,,,,AAGGGAAAGGGTGCATG
CGGGGAAACTGACATG000000000,8.035524,,,,CGGGGAAACTGACATG
AGAGGAGAACGCTCGTG00000000,8.035428,,,,AGAGGAGAACGCTCGTG
CAGGGAGGTCTGTGGTGGAACATG0,8.03521,,,,CAGGGAGGTCTGTGGTGGAACATG
ACAGGAGAAATATCATG00000000,8.033842,,,,ACAGGAGAAATATCATG
CGAGGACTACCCCGATG00000000,8.033395,,,,CGAGGACTACCCCGATG
AACGGAAGTGATCCGATG0000000,8.031646,,,,AACGGAAGTGATCCGATG
TCAGGAGTAGAATCTGATG000000,8.031549,,,,TCAGGAGTAGAATCTGATG
CAGGGAGAACGTGATCTGATG0000,8.029756,,,,CAGGGAGAACGTGATCTGATG
AGGGGAGAGCAAGCGATGGTG0000,8.028359,,,,AGGGGAGAGCAAGCGATGGTG
CGCGGAGGCGATCATG000000000,8.026627,,,,CGCGGAGGCGATCATG
AAAGGAAAGGATTCACGATG00000,8.026336,,,,AAAGGAAAGGATTCACGATG
ACAGGAGAGAGACGCCATG000000,8.026306,,,,ACAGGAGAGAGACGCCATG
AGAGGAAAAGACCGATG00000000,8.02628,,,,AGAGGAAAAGACCGATG
TAAGGAGACGCGCCGATG0000000,8.024845,,,,TAAGGAGACGCGCCGATG
TGAGGAAACGCTGAATG00000000,8.024627,,,,TGAGGAAACGCTGAATG
ACAGGAGCCTGAAAACATG000000,8.02369,,,,ACAGGAGCCTGAAAACATG
GCCGGAGAAGAAGCATG00000000,8.023392,,,,GCCGGAGAAGAAGCATG
AATGGAGGAAACATCATG0000000,8.021951,,,,AATGGAGGAAACATCATG
AGAGGAACGCTATCATG00000000,8.021269,,,,AGAGGAACGCTATCATG
CGAGGAGGAGGGCCCATG0000000,8.020768,,,,CGAGGAGGAGGGCCCATG
TGGGGAGGAGTAGCATG00000000,8.018402,,,,TGGGGAGGAGTAGCATG
TCAGGAGCATCCGGGCATG000000,8.015128,,,,TCAGGAGCATCCGGGCATG
AAAGGAGTAGATCCATG00000000,8.013233,,,,AAAGGAGTAGATCCATG
ACAGGAGGCCGCAATG000000000,8.011898,,,,ACAGGAGGCCGCAATG
AAGGGAATCGGCCATG000000000,8.011891,,,,AAGGGAATCGGCCATG
ACGGGAAGGCCCCGATG00000000,8.011412,,,,ACGGGAAGGCCCCGATG
CACGGACGAATGAGCATG0000000,8.011162,,,,CACGGACGAATGAGCATG
AGCGGAAGAGGGCCAGATG000000,8.01002,,,,AGCGGAAGAGGGCCAGATG
GCCGGAGGGCAGCGGAATG000000,8.00789,,,,GCCGGAGGGCAGCGGAATG
CAAGGATTGAGCCGTCATG000000,8.006722,,,,CAAGGATTGAGCCGTCATG
CAAGGAGAAGACGACATG0000000,8.00512,,,,CAAGGAGAAGACGACATG
CGGGGAGGATAGAATG000000000,8.004555,,,,CGGGGAGGATAGAATG
ACGGGAGGCAAATG00000000000,8.003909,,,,ACGGGAGGCAAATG
AAAGGAAAAGAGCATG000000000,8.0008,,,,AAAGGAAAAGAGCATG
GAAGGAGACAACCATG000000000,7.997407,,,,GAAGGAGACAACCATG
AGGGGAGGAAACGACATG0000000,7.994738,,,,AGGGGAGGAAACGACATG
GAAGGACGAAACGATG000000000,7.992159,,,,GAAGGACGAAACGATG
CAGGGAGCTGCAGCACCCATG0000,7.991422,,,,CAGGGAGCTGCAGCACCCATG
GAAGGAGAAACGGGATG00000000,7.991346,,,,GAAGGAGAAACGGGATG
AAAGGTAAGCTACCGATG0000000,7.990716,,,,AAAGGTAAGCTACCGATG
GCGGGAGGCGAAACAGATG000000,7.990302,,,,GCGGGAGGCGAAACAGATG
GAAGGATGGCAAACCCATG000000,7.989988,,,,GAAGGATGGCAAACCCATG
TGAGGAAGGTCGGATGATG000000,7.989874,,,,TGAGGAAGGTCGGATGATG
GGGGGACGAAATAGATG00000000,7.983054,,,,GGGGGACGAAATAGATG
GAGGGAACAGCCAGATTG0000000,7.980953,,,,GAGGGAACAGCCAGATTG
AGAGGAATTTGCGCCCATG000000,7.979229,,,,AGAGGAATTTGCGCCCATG
ACAGGAAAAAGGACGACCGACATG0,7.978792,,,,ACAGGAAAAAGGACGACCGACATG
GATGGAGCGGGATG00000000000,7.978767,,,,GATGGAGCGGGATG
AAAGGAGTATTGCTGTG00000000,7.977821,,,,AAAGGAGTATTGCTGTG
TGCGGAGGTGCCGCCATG0000000,7.977322,,,,TGCGGAGGTGCCGCCATG
AAAGGATGAAGGGATG000000000,7.975289,,,,AAAGGATGAAGGGATG
AACGGAAGATGCCTTATG0000000,7.970147,,,,AACGGAAGATGCCTTATG
AAAGGATCGACAAGATG00000000,7.966199,,,,AAAGGATCGACAAGATG
CAGGGAATCCAAAGCGATG000000,7.964301,,,,CAGGGAATCCAAAGCGATG
AAAGGAGTGCAGCGATG00000000,7.957106,,,,AAAGGAGTGCAGCGATG
AGGGGAGAGACAGCATG00000000,7.955559,,,,AGGGGAGAGACAGCATG
AGAGGAACAGAGAACCATG000000,7.953467,,,,AGAGGAACAGAGAACCATG
CAGGGAGGAATGACGATG0000000,7.952417,,,,CAGGGAGGAATGACGATG
GAAGGAGACACCCGATG00000000,7.951914,,,,GAAGGAGACACCCGATG
AAAGGACCAACGGAGGGCAGCGATG,7.949912,,,,AAAGGACCAACGGAGGGCAGCGATG
TGAGGAGACGTCTCATG00000000,7.94861,,,,TGAGGAGACGTCTCATG
CAGGGAAAACGGGCATG00000000,7.947098,,,,CAGGGAAAACGGGCATG
AGAGGAGAACCATG00000000000,7.947006,,,,AGAGGAGAACCATG
ACTGGAGAAAAGCCATG00000000,7.946181,,,,ACTGGAGAAAAGCCATG
CAAGGACCCCGCATG0000000000,7.946116,,,,CAAGGACCCCGCATG
GAGGGACGGTGCCGGCATG000000,7.945494,,,,GAGGGACGGTGCCGGCATG
ACAGGAGATGCAGGACCAGATG000,7.944479,,,,ACAGGAGATGCAGGACCAGATG
GCAGGAGTAGGATCCTTGGATG000,7.942966,,,,GCAGGAGTAGGATCCTTGGATG
CAAGGAATAACCCATG000000000,7.940769,,,,CAAGGAATAACCCATG
GCAGGAGGCAGACCGATG0000000,7.94058,,,,GCAGGAGGCAGACCGATG
TCAGGAGCAGGACGAAAATG00000,7.93963,,,,TCAGGAGCAGGACGAAAATG
GAAGGTGGTTCCGCATG00000000,7.937954,,,,GAAGGTGGTTCCGCATG
ATGGGAGAGACAGGCTATG000000,7.937213,,,,ATGGGAGAGACAGGCTATG
GAAGGAGAGAAGGAATG00000000,7.935924,,,,GAAGGAGAGAAGGAATG
CGAGGAAGGCCGATG0000000000,7.935212,,,,CGAGGAAGGCCGATG
AAAGGAGCTAAGGCCATG0000000,7.931246,,,,AAAGGAGCTAAGGCCATG
AGGGGAAAGCACCTATG00000000,7.931041,,,,AGGGGAAAGCACCTATG
AAGGGAAAGAGCCATG000000000,7.930999,,,,AAGGGAAAGAGCCATG
TGAGGAGAAAGCGACCATG000000,7.930857,,,,TGAGGAGAAAGCGACCATG
GCCGGAAGTGCCCTCTCATG00000,7.929471,,,,GCCGGAAGTGCCCTCTCATG
AATGGAGAAGAGATCATG0000000,7.928534,,,,AATGGAGAAGAGATCATG
CCAGGAGTACGCCAGCCATG00000,7.92676,,,,CCAGGAGTACGCCAGCCATG
AAAGGAAACGCGCGTAATG000000,7.926324,,,,AAAGGAAACGCGCGTAATG
CGAGGAGAAATGATGATG0000000,7.92437,,,,CGAGGAGAAATGATGATG
AGGGGATGCGCGTAAGCCATG0000,7.924244,,,,AGGGGATGCGCGTAAGCCATG
GCAGGAGCTCCGGCCATG0000000,7.922622,,,,GCAGGAGCTCCGGCCATG
TGAGGAGGAGGGACCGCCCATG000,7.918508,,,,TGAGGAGGAGGGACCGCCCATG
AAAGGACGGTCCCCCATG0000000,7.917632,,,,AAAGGACGGTCCCCCATG
GGGGGAGAGAAGCCGGATG000000,7.91596,,,,GGGGGAGAGAAGCCGGATG
CCAGGAGGGAGATG00000000000,7.915638,,,,CCAGGAGGGAGATG
CAAGGAGTCCGAAGGATG0000000,7.915091,,,,CAAGGAGTCCGAAGGATG
ACAGGAGCATGGCCATG00000000,7.914787,,,,ACAGGAGCATGGCCATG
GGCGGAGTAGCCATG0000000000,7.914347,,,,GGCGGAGTAGCCATG
CGCGGAGAGGCAGATG000000000,7.913041,,,,CGCGGAGAGGCAGATG
CCCGGAGATGTCCGATG00000000,7.910825,,,,CCCGGAGATGTCCGATG
GGGGGAGCAGGGTCTGGCGATG000,7.908084,,,,GGGGGAGCAGGGTCTGGCGATG
CAAGGAGAGACCGCCATG0000000,7.907074,,,,CAAGGAGAGACCGCCATG
AGGGGAAGGAAACCATG00000000,7.906122,,,,AGGGGAAGGAAACCATG
AAAGGAGAAAACCGATG00000000,7.904212,,,,AAAGGAGAAAACCGATG
GAAGGACTACCGCCATG00000000,7.903027,,,,GAAGGACTACCGCCATG
GGGGGAGGGATACATG000000000,7.902538,,,,GGGGGAGGGATACATG
AAAGGAGAGAATGTCGCATG00000,7.90209,,,,AAAGGAGAGAATGTCGCATG
CAGGGAGTGACATG00000000000,7.897704,,,,CAGGGAGTGACATG
GAAGGAGGGGTCCGATG00000000,7.897303,,,,GAAGGAGGGGTCCGATG
GGAGGAGAATTACGATG00000000,7.896123,,,,GGAGGAGAATTACGATG
CCCGGAGATGAGCCATG00000000,7.893925,,,,CCCGGAGATGAGCCATG
CGGGGAGGGATGAAATCATG00000,7.89116,,,,CGGGGAGGGATGAAATCATG
TAAGGAAAGCAGGCGTG00000000,7.890278,,,,TAAGGAAAGCAGGCGTG
CCTGGAGAAGGAAATG000000000,7.889856,,,,CCTGGAGAAGGAAATG
TCAGGAGCGCCGGAGCATG000000,7.888196,,,,TCAGGAGCGCCGGAGCATG
GAAGGAATCCTCTGGGATG000000,7.885606,,,,GAAGGAATCCTCTGGGATG
AAAGGAAGGAACCGATG00000000,7.885381,,,,AAAGGAAGGAACCGATG
GAAGGAGCACAGAAAATG0000000,7.885227,,,,GAAGGAGCACAGAAAATG
AAGGGAGAAACTGACGCCATG0000,7.883205,,,,AAGGGAGAAACTGACGCCATG
TCAGGAGCATGGACGATG0000000,7.882146,,,,TCAGGAGCATGGACGATG
AAGGGAGGACTGGATG000000000,7.881078,,,,AAGGGAGGACTGGATG
AAGGGATTAACTGACATG0000000,7.875911,,,,AAGGGATTAACTGACATG
GGAGGAGAACAGGCATG00000000,7.874278,,,,GGAGGAGAACAGGCATG
GAAGGATGACCAACCATG0000000,7.874103,,,,GAAGGATGACCAACCATG
GGGGGAAGTGATCCGCATG000000,7.873638,,,,GGGGGAAGTGATCCGCATG
AAGGGACCGTTCCCATG00000000,7.872166,,,,AAGGGACCGTTCCCATG
GCAGGAGTAGAAGACGCATG00000,7.871874,,,,GCAGGAGTAGAAGACGCATG
GAGGGAGAGTCGCCGATG0000000,7.86854,,,,GAGGGAGAGTCGCCGATG
CCTGGAGGAGAATG00000000000,7.86507,,,,CCTGGAGGAGAATG
CGAGGACAAACCATG0000000000,7.864154,,,,CGAGGACAAACCATG
CTAGGAGACCCGCATCGTG000000,7.863424,,,,CTAGGAGACCCGCATCGTG
CCGGGAAGGAGGCATG000000000,7.863326,,,,CCGGGAAGGAGGCATG
AAGGGAAGTGAATGATG00000000,7.862312,,,,AAGGGAAGTGAATGATG
GCTGGAGTTAGAACATG00000000,7.859659,,,,GCTGGAGTTAGAACATG
GCAGGAGCCCGACATG000000000,7.858289,,,,GCAGGAGCCCGACATG
TGAGGACGATCGAAAATG0000000,7.857852,,,,TGAGGACGATCGAAAATG
AAAGGATCGGCTGAGGGATG00000,7.856698,,,,AAAGGATCGGCTGAGGGATG
TCAGGAGAACCCGATATG0000000,7.855469,,,,TCAGGAGAACCCGATATG
CGAGGAGGGATGTATTGATG00000,7.854971,,,,CGAGGAGGGATGTATTGATG
CGGGGAGGTTATGAAATG0000000,7.852461,,,,CGGGGAGGTTATGAAATG
CCCGGAGGAAGAATCATG0000000,7.85124,,,,CCCGGAGGAAGAATCATG
ACAGGAGACATGTATG000000000,7.848909,,,,ACAGGAGACATGTATG
CAAGGAAACGCCTGGTCGAATG000,7.847439,,,,CAAGGAAACGCCTGGTCGAATG
GCAGGAGCGGGATCTGAGTCATG00,7.844606,,,,GCAGGAGCGGGATCTGAGTCATG
TAAGGAGGAGCCCCATG00000000,7.840748,,,,TAAGGAGGAGCCCCATG
TAAGGAGAGCGGCATG000000000,7.839968,,,,TAAGGAGAGCGGCATG
AAAGGATGAAAGGAACTGGGAATG0,7.839486,,,,AAAGGATGAAAGGAACTGGGAATG
GAGGGAGGGGCGTGAATG0000000,7.839467,,,,GAGGGAGGGGCGTGAATG
AACGGAGAAGGATCATG00000000,7.837867,,,,AACGGAGAAGGATCATG
AAAGGAAGAGGACGCATG0000000,7.837757,,,,AAAGGAAGAGGACGCATG
AAGGGAGAAGGGCCCATG0000000,7.837355,,,,AAGGGAGAAGGGCCCATG
GAAGGAGACCCGCGCCATG000000,7.835155,,,,GAAGGAGACCCGCGCCATG
GAAGGAGTGACAAGCCGTG000000,7.833551,,,,GAAGGAGTGACAAGCCGTG
GCCGGAGGGACAGAAAGCATG0000,7.826609,,,,GCCGGAGGGACAGAAAGCATG
AGCGGAGACTGAGCCGATG000000,7.826297,,,,AGCGGAGACTGAGCCGATG
AGCGGAGCGAGCACCCACGCCATG0,7.82269,,,,AGCGGAGCGAGCACCCACGCCATG
GCAGGAGAATCAACATG00000000,7.822087,,,,GCAGGAGAATCAACATG
AGAGGATAAGGCAGAATG0000000,7.818377,,,,AGAGGATAAGGCAGAATG
TGAGGAGAAGAACATG000000000,7.817685,,,,TGAGGAGAAGAACATG
AAAGGACCATGGCATG000000000,7.81488,,,,AAAGGACCATGGCATG
CAGGGAGAAAGAACATG00000000,7.813837,,,,CAGGGAGAAAGAACATG
TGGGGAGAAAGGCGGATGGAGATG0,7.813382,,,,TGGGGAGAAAGGCGGATGGAGATG
GAGGGAAGAGGCAGATG00000000,7.812749,,,,GAGGGAAGAGGCAGATG
GACGGAGGTTACCCAATG0000000,7.811148,,,,GACGGAGGTTACCCAATG
AAGGGAACCCATGCCGCTGCCATG0,7.810204,,,,AAGGGAACCCATGCCGCTGCCATG
AGCGGAAAATCCGACCATG000000,7.808905,,,,AGCGGAAAATCCGACCATG
GAGGGACGATGCAGCATG0000000,7.807133,,,,GAGGGACGATGCAGCATG
CAGGGAGACGCCTCATG00000000,7.805849,,,,CAGGGAGACGCCTCATG
CAAGGAGAAATTCCATG00000000,7.805459,,,,CAAGGAGAAATTCCATG
CCCGGAGAGCCTGAGATG0000000,7.805228,,,,CCCGGAGAGCCTGAGATG
AAGGGACGACCGATG0000000000,7.804775,,,,AAGGGACGACCGATG
CAGGGAGCAAGGGAATG00000000,7.804305,,,,CAGGGAGCAAGGGAATG
GCAGGAAAAGATCGCATG0000000,7.803863,,,,GCAGGAAAAGATCGCATG
CAGGGAAGCCGATG00000000000,7.80313,,,,CAGGGAAGCCGATG
GGAGGAGGAGCCATG0000000000,7.801212,,,,GGAGGAGGAGCCATG
AGAGGATGAGGGATG0000000000,7.801194,,,,AGAGGATGAGGGATG
GAAGGAAGAAGGATAAGACGATG00,7.796339,,,,GAAGGAAGAAGGATAAGACGATG
ACGGGACTTGGCATAAAATG00000,7.79551,,,,ACGGGACTTGGCATAAAATG
TCAGGAGGGAACATG0000000000,7.789901,,,,TCAGGAGGGAACATG
CAAGGTGGGGATGCGATG0000000,7.785713,,,,CAAGGTGGGGATGCGATG
CGGGGACGGATTATG0000000000,7.784552,,,,CGGGGACGGATTATG
GACGGAGGATGATC00000000000,7.775865,,,,GACGGAGGATGATC
GCAGGAGGACCTGCCATG0000000,7.773502,,,,GCAGGAGGACCTGCCATG
TCTGGAGATTTGCATAATG000000,7.772866,,,,TCTGGAGATTTGCATAATG
GCAGGAGCGACGCAGCATG000000,7.771313,,,,GCAGGAGCGACGCAGCATG
AAAGGAAGGAAAATG0000000000,7.771075,,,,AAAGGAAGGAAAATG
AGAGGAAAAAACGCGTG00000000,7.768809,,,,AGAGGAAAAAACGCGTG
GAGGGACGTGATCCATG00000000,7.768706,,,,GAGGGACGTGATCCATG
GAGGGAGAAGGGCTACTGATG0000,7.76789,,,,GAGGGAGAAGGGCTACTGATG
CAAGGACAAGCCGCTGATG000000,7.767371,,,,CAAGGACAAGCCGCTGATG
CATGGAGGCACGAATG000000000,7.766178,,,,CATGGAGGCACGAATG
AGGGGAGCAGGGGCGCATG000000,7.762953,,,,AGGGGAGCAGGGGCGCATG
CAAGGAAAATACGAGATG0000000,7.762774,,,,CAAGGAAAATACGAGATG
TGAGGAGGACCCCATG000000000,7.762165,,,,TGAGGAGGACCCCATG
ACCGGAGGGGGCCGCCATG000000,7.761016,,,,ACCGGAGGGGGCCGCCATG
GAAGGAACGGACGGCGATG000000,7.759997,,,,GAAGGAACGGACGGCGATG
CCAGGAAAAGACGATCATG000000,7.756454,,,,CCAGGAAAAGACGATCATG
CAGGGAGAAACATG00000000000,7.756318,,,,CAGGGAGAAACATG
AAAGGAACGAGTGATG000000000,7.75453,,,,AAAGGAACGAGTGATG
CCCGGAGGGAGGGCAAGCAATG000,7.753269,,,,CCCGGAGGGAGGGCAAGCAATG
CGAGGAAGAATGAAAACTTTCATG0,7.753078,,,,CGAGGAAGAATGAAAACTTTCATG
CGTGGAGGAGGGAATTTTCAGATG0,7.752862,,,,CGTGGAGGAGGGAATTTTCAGATG
CCAGGAGGGATGCCATG00000000,7.751317,,,,CCAGGAGGGATGCCATG
GAGGGAAGGAATCATG000000000,7.751138,,,,GAGGGAAGGAATCATG
GAAGGAGACGAGCCATG00000000,7.747808,,,,GAAGGAGACGAGCCATG
AAGGGACCGTAAAGACGATG00000,7.739899,,,,AAGGGACCGTAAAGACGATG
ACGGGAGAGGTCGAAATG0000000,7.738794,,,,ACGGGAGAGGTCGAAATG
CATGGAAACAGAACCATG0000000,7.738271,,,,CATGGAAACAGAACCATG
AAGGGAATCCTTCCGATG0000000,7.737732,,,,AAGGGAATCCTTCCGATG
GATGGAGGCCACCATG000000000,7.737318,,,,GATGGAGGCCACCATG
GATGGAAAAGCTTGCACCATG0000,7.736972,,,,GATGGAAAAGCTTGCACCATG
AGCGGAGGATCGCCATG00000000,7.735288,,,,AGCGGAGGATCGCCATG
CGGGGACAGCACACTGATG000000,7.734256,,,,CGGGGACAGCACACTGATG
GAGGGAGTGAGGCCCATG0000000,7.733981,,,,GAGGGAGTGAGGCCCATG
GACGGAGAGCAGCCCAATG000000,7.733814,,,,GACGGAGAGCAGCCCAATG
GACGGAGGGACCGTG0000000000,7.733613,,,,GACGGAGGGACCGTG
GAAGGAAAGGGAACATG00000000,7.730604,,,,GAAGGAAAGGGAACATG
ACAGGAGAAATCCATG000000000,7.727944,,,,ACAGGAGAAATCCATG
GAAGGATACGCCGCATG00000000,7.727931,,,,GAAGGATACGCCGCATG
CAAGGAAGTAAAGCTGAGCCATG00,7.724946,,,,CAAGGAAGTAAAGCTGAGCCATG
GCCGGAAGACGATCCAGTG000000,7.724222,,,,GCCGGAAGACGATCCAGTG
ACGGGAGTAGGGAAGGTCCATG000,7.722931,,,,ACGGGAGTAGGGAAGGTCCATG
AGAGGAGGAGGCGAAGGATG00000,7.722348,,,,AGAGGAGGAGGCGAAGGATG
AAAGGAACTGATTCCATG0000000,7.721168,,,,AAAGGAACTGATTCCATG
GGAGGAGCGCGTCTTTATG000000,7.71987,,,,GGAGGAGCGCGTCTTTATG
AAAGGATGAATGGAATG00000000,7.716329,,,,AAAGGATGAATGGAATG
CGAGGAGAGGGTGGCAGCGATG000,7.715796,,,,CGAGGAGAGGGTGGCAGCGATG
TGAGGAGAGAGCATG0000000000,7.713797,,,,TGAGGAGAGAGCATG
CGGGGAAAGCAATG00000000000,7.713738,,,,CGGGGAAAGCAATG
AAAGGAAAACCGTG00000000000,7.713572,,,,AAAGGAAAACCGTG
AACGGAGCACCGGATG000000000,7.712871,,,,AACGGAGCACCGGATG
GGGGGAGGGGCATCATG00000000,7.712673,,,,GGGGGAGGGGCATCATG
GGGGGAGGGACCAAGCCGGACATG0,7.712576,,,,GGGGGAGGGACCAAGCCGGACATG
CGGGGAAAACCGTCTGATG000000,7.711804,,,,CGGGGAAAACCGTCTGATG
AAAGGTGAACAGACATG00000000,7.710949,,,,AAAGGTGAACAGACATG
CAGGGATGCACGACCCCGATG0000,7.709752,,,,CAGGGATGCACGACCCCGATG
CAAGGAGTACAACTGATG0000000,7.709647,,,,CAAGGAGTACAACTGATG
CAAGGAAAGTCCGCGCATG000000,7.709584,,,,CAAGGAAAGTCCGCGCATG
ACAGGAGGAGCCCGGACATG00000,7.708259,,,,ACAGGAGGAGCCCGGACATG
GCCGGAGAAAGATG00000000000,7.708212,,,,GCCGGAGAAAGATG
CCAGGAAAATCAAACCCGTG00000,7.707198,,,,CCAGGAAAATCAAACCCGTG
CGAGGTGAGCAAGCATG00000000,7.706334,,,,CGAGGTGAGCAAGCATG
GAAGGAGTAAAGCGATG00000000,7.706164,,,,GAAGGAGTAAAGCGATG
GAGGGAATGCGGGCGCATG000000,7.705277,,,,GAGGGAATGCGGGCGCATG
TAGGGAGAGGAAGCCATG0000000,7.703547,,,,TAGGGAGAGGAAGCCATG
CAAGGAACACACCGATG00000000,7.703203,,,,CAAGGAACACACCGATG
TCAGGAGACACATG00000000000,7.702683,,,,TCAGGAGACACATG
TAAGGAGAGGCCCAGACCATG0000,7.701811,,,,TAAGGAGAGGCCCAGACCATG
AAAGGAGGCGGCGCGATG0000000,7.70177,,,,AAAGGAGGCGGCGCGATG
CAAGGATGGAAGCGATG00000000,7.699745,,,,CAAGGATGGAAGCGATG
TCAGGAGGTTCATGGATG0000000,7.699437,,,,TCAGGAGGTTCATGGATG
AAGGGAAGGTAAGCGTCATG00000,7.692332,,,,AAGGGAAGGTAAGCGTCATG
TAAGGAGCAACACGCGCATG00000,7.690615,,,,TAAGGAGCAACACGCGCATG
GAAGGAGAAGACCGATG00000000,7.690247,,,,GAAGGAGAAGACCGATG
GACGGAGAGCCAGAGCATG000000,7.687951,,,,GACGGAGAGCCAGAGCATG
GAGGGTGAGGCAGAGATG0000000,7.687885,,,,GAGGGTGAGGCAGAGATG
GGGGGAGACTGATG00000000000,7.687329,,,,GGGGGAGACTGATG
AATGGAGAACCGCCTTG00000000,7.686972,,,,AATGGAGAACCGCCTTG
ACAGGAGACCAGCCGATG0000000,7.686734,,,,ACAGGAGACCAGCCGATG
GAAGGAGACAGACCCATG0000000,7.683143,,,,GAAGGAGACAGACCCATG
GAGGGACAACAGGCATATG000000,7.68285,,,,GAGGGACAACAGGCATATG
AACGGAGACCCGGACCATG000000,7.681779,,,,AACGGAGACCCGGACCATG
AGGGGAAGACCCCGCATG0000000,7.681081,,,,AGGGGAAGACCCCGCATG
CAGGGAGGGGAACCCCGATG00000,7.67901,,,,CAGGGAGGGGAACCCCGATG
GGAGGATATGATCCCGATG000000,7.676662,,,,GGAGGATATGATCCCGATG
CGGGGAGGGCCCGCCATG0000000,7.675388,,,,CGGGGAGGGCCCGCCATG
AAGGGAGGAGCGAGGCGTCCTGATG,7.67431,,,,AAGGGAGGAGCGAGGCGTCCTGATG
GAGGGAAGGGGGAAGGCCATG0000,7.672738,,,,GAGGGAAGGGGGAAGGCCATG
CGAGGACGCGACATG0000000000,7.672679,,,,CGAGGACGCGACATG
TAGGGAGTTCGATG00000000000,7.671095,,,,TAGGGAGTTCGATG
CAGGGAAAATCGTCACATG000000,7.670643,,,,CAGGGAAAATCGTCACATG
AGAGGATAAGGCAAGATG0000000,7.6692,,,,AGAGGATAAGGCAAGATG
ACAGGACGTAACCCGCGATG00000,7.668224,,,,ACAGGACGTAACCCGCGATG
GGAGGAGGTGGAATG0000000000,7.667424,,,,GGAGGAGGTGGAATG
GAAGGAGAAAGCCGAATG0000000,7.667315,,,,GAAGGAGAAAGCCGAATG
TCAGGAAGAGCAGCATG00000000,7.667102,,,,TCAGGAAGAGCAGCATG
AGAGGACCGGGCATG0000000000,7.667066,,,,AGAGGACCGGGCATG
GGCGGAGCAAAGCATG000000000,7.666207,,,,GGCGGAGCAAAGCATG
GCTGGAGGCCAGCCATG00000000,7.665261,,,,GCTGGAGGCCAGCCATG
CGAGGAGCGCGTGATG000000000,7.664341,,,,CGAGGAGCGCGTGATG
AAGGGAAAAAGGGGGCACGGCGATG,7.662969,,,,AAGGGAAAAAGGGGGCACGGCGATG
TCAGGACGAGGCGATG000000000,7.660576,,,,TCAGGACGAGGCGATG
AGGGGACAACCCACATG00000000,7.660528,,,,AGGGGACAACCCACATG
GCAGGAGGGGGGAGCGTTTCTGATG,7.660218,,,,GCAGGAGGGGGGAGCGTTTCTGATG
GCAGGAAAAAGCGATATG0000000,7.659958,,,,GCAGGAAAAAGCGATATG
CCGGGAAACCGCCGATG00000000,7.658998,,,,CCGGGAAACCGCCGATG
GCAGGAACTTGACCAATG0000000,7.658853,,,,GCAGGAACTTGACCAATG
GCAGGAAATGGGCCGATG0000000,7.654858,,,,GCAGGAAATGGGCCGATG
CGAGGACGAGAGAAACGATG00000,7.65407,,,,CGAGGACGAGAGAAACGATG
CGAGGACCAGACATG0000000000,7.647899,,,,CGAGGACCAGACATG
GAAGGAGTAGACCATG000000000,7.646473,,,,GAAGGAGTAGACCATG
AAGGGAAAAGGCCCATG00000000,7.642969,,,,AAGGGAAAAGGCCCATG
GGAGGAGGGAGGCAGGGATG00000,7.642415,,,,GGAGGAGGGAGGCAGGGATG
AATGGAAGAGGGGCAAGCCATG000,7.641861,,,,AATGGAAGAGGGGCAAGCCATG
AAAGGACAATCCGGGGCGCATG000,7.641041,,,,AAAGGACAATCCGGGGCGCATG
CCCGGAGGCGGACAATG00000000,7.639714,,,,CCCGGAGGCGGACAATG
GCAGGAGAGGATGGTGCTGGTATG0,7.639022,,,,GCAGGAGAGGATGGTGCTGGTATG
AGCGGAGGATGCGATG000000000,7.636504,,,,AGCGGAGGATGCGATG
AAAGGAGCTAAGCCCATG0000000,7.636004,,,,AAAGGAGCTAAGCCCATG
CGCGGAGTGGACCACCATG000000,7.635444,,,,CGCGGAGTGGACCACCATG
CACGGAGCCCCCCGATG00000000,7.634698,,,,CACGGAGCCCCCCGATG
ACGGGAAGCCCGTGATG00000000,7.634308,,,,ACGGGAAGCCCGTGATG
ACAGGACAAGCATG00000000000,7.631214,,,,ACAGGACAAGCATG
AAGGGAGAGCATGATG000000000,7.629833,,,,AAGGGAGAGCATGATG
CGAGGACAAGCCCCATG00000000,7.626957,,,,CGAGGACAAGCCCCATG
GGGGGACGACCATG00000000000,7.62681,,,,GGGGGACGACCATG
CAAGGATCCGCATG00000000000,7.626728,,,,CAAGGATCCGCATG
CAAGGAGACGGACCTGTG0000000,7.625616,,,,CAAGGAGACGGACCTGTG
CCGGGAGTATCCGATG000000000,7.620431,,,,CCGGGAGTATCCGATG
GGGGGACGACGCACCATG0000000,7.620165,,,,GGGGGACGACGCACCATG
GAAGGAGAGCGCAGCCATG000000,7.61842,,,,GAAGGAGAGCGCAGCCATG
GGAGGAGAAATTATG0000000000,7.617208,,,,GGAGGAGAAATTATG
GGAGGAAGAGATATG0000000000,7.61713,,,,GGAGGAAGAGATATG
CAAGGAAAAGGCCCACGCATG0000,7.615741,,,,CAAGGAAAAGGCCCACGCATG
GGGGGACGAGCCCTATG00000000,7.615588,,,,GGGGGACGAGCCCTATG
AGGGGACGACTGAGCCATG000000,7.613825,,,,AGGGGACGACTGAGCCATG
GCGGGACAGACACATG000000000,7.613772,,,,GCGGGACAGACACATG
AAAGGAGCCATGACATG00000000,7.611764,,,,AAAGGAGCCATGACATG
CAAGGATGACTTTCCATG0000000,7.611277,,,,CAAGGATGACTTTCCATG
AAGGGAATGCGCTATG000000000,7.610934,,,,AAGGGAATGCGCTATG
AAAGGTGAAGGATG00000000000,7.607809,,,,AAAGGTGAAGGATG
CAAGGAGGGACAGGGATG0000000,7.607599,,,,CAAGGAGGGACAGGGATG
AACGGAAACCGCCATG000000000,7.607133,,,,AACGGAAACCGCCATG
ATAGGAGAACCGCCATG00000000,7.6035,,,,ATAGGAGAACCGCCATG
GATGGAGCGGCTGAGCCATG00000,7.602635,,,,GATGGAGCGGCTGAGCCATG
GGGGGAACGCAAGAATG00000000,7.599182,,,,GGGGGAACGCAAGAATG
CAAGGAGGAAGGTCATG00000000,7.598267,,,,CAAGGAGGAAGGTCATG
AGGGGACGGGTCGAATG00000000,7.596422,,,,AGGGGACGGGTCGAATG
AGAGGATAAACACCATG00000000,7.595425,,,,AGAGGATAAACACCATG
AAGGGAGTGGCGCAGCCATG00000,7.594954,,,,AAGGGAGTGGCGCAGCCATG
CCCGGAGCAAGGCAATCCCATG000,7.593354,,,,CCCGGAGCAAGGCAATCCCATG
ACGGGAGATAGCAAAGCTCACCATG,7.593137,,,,ACGGGAGATAGCAAAGCTCACCATG
GGGGGAACGACCGAACCATG00000,7.592101,,,,GGGGGAACGACCGAACCATG
CAAGGAGCGGACATGCCGATG0000,7.589159,,,,CAAGGAGCGGACATGCCGATG
CAAGGAAATTTTACCGATG000000,7.58769,,,,CAAGGAAATTTTACCGATG
AAAGGACGAAACTGAATG0000000,7.585466,,,,AAAGGACGAAACTGAATG
TGAGGAGGGACAGCGCCATG00000,7.585227,,,,TGAGGAGGGACAGCGCCATG
CAAGGAGTCGATTTTCATG000000,7.584525,,,,CAAGGAGTCGATTTTCATG
GGGGGACAACGATG00000000000,7.583958,,,,GGGGGACAACGATG
GACGGAGGGGGACCATCATG00000,7.583541,,,,GACGGAGGGGGACCATCATG
CAGGGAGGCAGGAAATG00000000,7.582265,,,,CAGGGAGGCAGGAAATG
AAGGGAAAGCAACCTGACATG0000,7.581124,,,,AAGGGAAAGCAACCTGACATG
GAAGGAGCACGGTCATG00000000,7.580548,,,,GAAGGAGCACGGTCATG
ACCGGAGACAGGGCGCATG000000,7.57902,,,,ACCGGAGACAGGGCGCATG
AACGGAATTCCATG00000000000,7.578912,,,,AACGGAATTCCATG
TGAGGAGGCGCGGGCCCTTG00000,7.578636,,,,TGAGGAGGCGCGGGCCCTTG
AAAGGATCAAGGCCCCAGCCATG00,7.57569,,,,AAAGGATCAAGGCCCCAGCCATG
ACAGGAGACCGCCGAATG0000000,7.574799,,,,ACAGGAGACCGCCGAATG
ACAGGAGCAGACATG0000000000,7.568598,,,,ACAGGAGCAGACATG
CGGGGAAGAGAGAGTGCGGATG000,7.567963,,,,CGGGGAAGAGAGAGTGCGGATG
GCTGGAGGAAAGAACCATG000000,7.567294,,,,GCTGGAGGAAAGAACCATG
CAAGGAGGTGGCCATG000000000,7.566645,,,,CAAGGAGGTGGCCATG
CGCGGAAGTGACCGTTG00000000,7.562209,,,,CGCGGAAGTGACCGTTG
GGGGGACGATTTCATG000000000,7.562033,,,,GGGGGACGATTTCATG
GCAGGAGTACTGCCATG00000000,7.560918,,,,GCAGGAGTACTGCCATG
TAAGGAGATTCCGATG000000000,7.560573,,,,TAAGGAGATTCCGATG
AAAGGAAGGGATGGGGTAGAAATG0,7.558751,,,,AAAGGAAGGGATGGGGTAGAAATG
ACAGGAAAGAGAGGCAAGAATG000,7.557637,,,,ACAGGAAAGAGAGGCAAGAATG
ACAGGAGCGGAATGATG00000000,7.551345,,,,ACAGGAGCGGAATGATG
AGAGGAGATCGAGCATG00000000,7.550682,,,,AGAGGAGATCGAGCATG
ACCGGAGCGCAACCATG00000000,7.548964,,,,ACCGGAGCGCAACCATG
GGCGGAGTAGGGGAAATG0000000,7.548753,,,,GGCGGAGTAGGGGAAATG
GACGGAAAGATGACGAGAATG0000,7.548364,,,,GACGGAAAGATGACGAGAATG
GAAGGACTTAGGACATG00000000,7.547035,,,,GAAGGACTTAGGACATG
GACGGAGAATGCCCATG00000000,7.546565,,,,GACGGAGAATGCCCATG
AGAGGTGACTGTGACATG0000000,7.541731,,,,AGAGGTGACTGTGACATG
AGAGGAAGGAGGGTTAGGATG0000,7.539509,,,,AGAGGAAGGAGGGTTAGGATG
CGCGGAAGCCTTGAATG00000000,7.534323,,,,CGCGGAAGCCTTGAATG
GGAGGACGGACGAACCATG000000,7.533716,,,,GGAGGACGGACGAACCATG
AAGGGAGACGAAGGCATG0000000,7.532368,,,,AAGGGAGACGAAGGCATG
CAAGGTCAGCCGATG0000000000,7.531112,,,,CAAGGTCAGCCGATG
ACGGGAAAGGGAGCCGGGCGAATG0,7.529142,,,,ACGGGAAAGGGAGCCGGGCGAATG
TCCGGAGAGGAATG00000000000,7.528978,,,,TCCGGAGAGGAATG
GACGGAGGTGATTG00000000000,7.528841,,,,GACGGAGGTGATTG
GGAGGAAAAAAGGCTAAGCCATG00,7.526561,,,,GGAGGAAAAAAGGCTAAGCCATG
AAAGGAGGACATCCCATG0000000,7.525461,,,,AAAGGAGGACATCCCATG
TGAGGAGGCCCGACATG00000000,7.51855,,,,TGAGGAGGCCCGACATG
CGGGGAGAGGATAGCGATG000000,7.515061,,,,CGGGGAGAGGATAGCGATG
GGAGGAGAGGATTG00000000000,7.51495,,,,GGAGGAGAGGATTG
GAAGGAGCCGCGCCCCGTG000000,7.513473,,,,GAAGGAGCCGCGCCCCGTG
TAAGGAGCAACGGCGATG0000000,7.513135,,,,TAAGGAGCAACGGCGATG
GATGGAGAGCTGAGCGATG000000,7.509614,,,,GATGGAGAGCTGAGCGATG
GAAGGAGCAGACCTGATG0000000,7.508097,,,,GAAGGAGCAGACCTGATG
AAAGGAGAATGCCCATG00000000,7.505882,,,,AAAGGAGAATGCCCATG
GGAGGAGGAGGGGGATCGAGATG00,7.497275,,,,GGAGGAGGAGGGGGATCGAGATG
TAAGGAGAAGACCAAAGATG00000,7.495374,,,,TAAGGAGAAGACCAAAGATG
ACAGGAGGGAGAACATG00000000,7.49281,,,,ACAGGAGGGAGAACATG
AAAGGACCACAGACCCATG000000,7.492599,,,,AAAGGACCACAGACCCATG
GCCGGAGAGAAGATATG00000000,7.491665,,,,GCCGGAGAGAAGATATG
AAGGGAGTTCACGCCATG0000000,7.490946,,,,AAGGGAGTTCACGCCATG
GGGGGAAACGAGATG0000000000,7.488134,,,,GGGGGAAACGAGATG
AAAGGACCAGAATTGTG00000000,7.487977,,,,AAAGGACCAGAATTGTG
GAGGGATGGCGCAATG000000000,7.48765,,,,GAGGGATGGCGCAATG
CGAGGATGTGATCCATG00000000,7.486746,,,,CGAGGATGTGATCCATG
AGGGGAAAAGGCCCATG00000000,7.486664,,,,AGGGGAAAAGGCCCATG
CGAGGAGGAAGCATG0000000000,7.485984,,,,CGAGGAGGAAGCATG
AAGGGAGCGCCGCCGCGCATG0000,7.485563,,,,AAGGGAGCGCCGCCGCGCATG
GAAGGAGAGACATG00000000000,7.481566,,,,GAAGGAGAGACATG
GATGGACAGAAGGCCGATG000000,7.480715,,,,GATGGACAGAAGGCCGATG
AGGGGAGGGGCAACCTGTGGTG000,7.480641,,,,AGGGGAGGGGCAACCTGTGGTG
ACAGGAGAGGGAAAATG00000000,7.478359,,,,ACAGGAGAGGGAAAATG
AATGGAGCACGGTGTGATG000000,7.476278,,,,AATGGAGCACGGTGTGATG
AGCGGAGGAGTTGAACATG000000,7.473803,,,,AGCGGAGGAGTTGAACATG
AAAGGATGGCGGGAACGCTG00000,7.471848,,,,AAAGGATGGCGGGAACGCTG
CTGGGAGACGCATATG000000000,7.470058,,,,CTGGGAGACGCATATG
GAGGGAGCTGCGACATG00000000,7.469355,,,,GAGGGAGCTGCGACATG
AGGGGAGGACAGGGACAAACACATG,7.467281,,,,AGGGGAGGACAGGGACAAACACATG
CATGGAGTTCACGCCATG0000000,7.465086,,,,CATGGAGTTCACGCCATG
GCAGGAGGAAAATGATG00000000,7.461823,,,,GCAGGAGGAAAATGATG
CCCGGAGCGAGAGCCGATG000000,7.459085,,,,CCCGGAGCGAGAGCCGATG
ATCGGAGAGCAAGTGATG0000000,7.458827,,,,ATCGGAGAGCAAGTGATG
AACGGAAGGCCGCGGAATG000000,7.45621,,,,AACGGAAGGCCGCGGAATG
GAAGGACCAAGTTTGCCATG00000,7.456197,,,,GAAGGACCAAGTTTGCCATG
AAAGGAGGGCGGAGATG00000000,7.453983,,,,AAAGGAGGGCGGAGATG
CAGGGAGGAGCATG00000000000,7.453559,,,,CAGGGAGGAGCATG
AAAGGAAATGCGAACCATG000000,7.451817,,,,AAAGGAAATGCGAACCATG
TAAGGAAGGACCGGCATG0000000,7.451692,,,,TAAGGAAGGACCGGCATG
AACGGAGAGACTGTCATG0000000,7.450733,,,,AACGGAGAGACTGTCATG
TAAGGACGGAGCTCGGACTATG000,7.450352,,,,TAAGGACGGAGCTCGGACTATG
AGAGGACCGAATAGCAATG000000,7.449088,,,,AGAGGACCGAATAGCAATG
GACGGAGATGAGATG0000000000,7.448849,,,,GACGGAGATGAGATG
CAAGGACCTAGCGCCATG0000000,7.448821,,,,CAAGGACCTAGCGCCATG
GAAGGTGGTCAGATGATG0000000,7.442919,,,,GAAGGTGGTCAGATGATG
AATGGAGGAAGCGCATG00000000,7.44208,,,,AATGGAGGAAGCGCATG
GAAGGAACAATAGCGACATG00000,7.441097,,,,GAAGGAACAATAGCGACATG
CGAGGAACGAGTTTTCATG000000,7.440905,,,,CGAGGAACGAGTTTTCATG
CGGGGAATGAATTGCCATG000000,7.438776,,,,CGGGGAATGAATTGCCATG
GGAGGACGCAGCGAACTTG000000,7.437218,,,,GGAGGACGCAGCGAACTTG
GAAGGAAGATACCCATG00000000,7.436628,,,,GAAGGAAGATACCCATG
CAAGGAGAAAGCGACATG0000000,7.434963,,,,CAAGGAGAAAGCGACATG
GGAGGAGACGAATG00000000000,7.431123,,,,GGAGGAGACGAATG
AAGGGTGAGGCTGATG000000000,7.430683,,,,AAGGGTGAGGCTGATG
GCGGGAGCTGACCATG000000000,7.430189,,,,GCGGGAGCTGACCATG
ACAGGAGCAACTGATG000000000,7.426812,,,,ACAGGAGCAACTGATG
GGGGGAGGGCAGGAATG00000000,7.426092,,,,GGGGGAGGGCAGGAATG
ACAGGAGGAAGCCAGATG0000000,7.425152,,,,ACAGGAGGAAGCCAGATG
ACCGGAGGGGAATCATG00000000,7.421834,,,,ACCGGAGGGGAATCATG
AACGGAGGAGACAATG000000000,7.42036,,,,AACGGAGGAGACAATG
GCAGGACGAGACATG0000000000,7.419788,,,,GCAGGACGAGACATG
GCAGGACCCACGCCAATG0000000,7.417442,,,,GCAGGACCCACGCCAATG
AGAGGAAAAAAAAGATG00000000,7.416586,,,,AGAGGAAAAAAAAGATG
GAAGGAAAAGAACCATG00000000,7.414483,,,,GAAGGAAAAGAACCATG
CCGGGACAAGCATG00000000000,7.414118,,,,CCGGGACAAGCATG
GCCGGAGGAGGCAAACCATG00000,7.412991,,,,GCCGGAGGAGGCAAACCATG
ACAGGAAACCCGCGATG00000000,7.411984,,,,ACAGGAAACCCGCGATG
CAGGGAGTCGGTTCCATG0000000,7.409964,,,,CAGGGAGTCGGTTCCATG
ACGGGAGGGCGCGCGTG00000000,7.408721,,,,ACGGGAGGGCGCGCGTG
AAGGGAAACAAGTCCATG0000000,7.407584,,,,AAGGGAAACAAGTCCATG
ACAGGATGGCCCATCATG0000000,7.399208,,,,ACAGGATGGCCCATCATG
AAGGGAAAGCTGGGGCTAGCGATG0,7.398058,,,,AAGGGAAAGCTGGGGCTAGCGATG
ACAGGAGCACAATG00000000000,7.396155,,,,ACAGGAGCACAATG
GAAGGAAACCAGCATG000000000,7.394868,,,,GAAGGAAACCAGCATG
AGGGGAGGTAAGGCCATG0000000,7.392344,,,,AGGGGAGGTAAGGCCATG
ACAGGAGTCGCGATG0000000000,7.388755,,,,ACAGGAGTCGCGATG
GGTGGAGGTGACGGGGATG000000,7.388104,,,,GGTGGAGGTGACGGGGATG
ACGGGAGGAACGATATG00000000,7.386667,,,,ACGGGAGGAACGATATG
CATGGACGGCGCTGGCATG000000,7.384995,,,,CATGGACGGCGCTGGCATG
AAGGGAAGAAATCATG000000000,7.382356,,,,AAGGGAAGAAATCATG
CGGGGACGGCAGCCGACCGATG000,7.381723,,,,CGGGGACGGCAGCCGACCGATG
AAAGGACAACAGACTTCATG00000,7.381358,,,,AAAGGACAACAGACTTCATG
CCGGGAATCGACGCCCATG000000,7.379922,,,,CCGGGAATCGACGCCCATG
AGGGGATGGCCATG00000000000,7.379897,,,,AGGGGATGGCCATG
GCAGGAGGGGCACGACCATG00000,7.37931,,,,GCAGGAGGGGCACGACCATG
AACGGAGGAGCGCCATG00000000,7.378342,,,,AACGGAGGAGCGCCATG
CAAGGAAGAGGCCGAATTCCATG00,7.377916,,,,CAAGGAAGAGGCCGAATTCCATG
TGAGGAGGGCGCGGGCGACGTG000,7.37435,,,,TGAGGAGGGCGCGGGCGACGTG
CCAGGAAATAAAGACCCGATG0000,7.373537,,,,CCAGGAAATAAAGACCCGATG
AAAGGAACGAACGGGACCATG0000,7.373427,,,,AAAGGAACGAACGGGACCATG
CCCGGAGGCGACGAGACCCATG000,7.373399,,,,CCCGGAGGCGACGAGACCCATG
AAAGGAGAGCCGCAGAATG000000,7.372811,,,,AAAGGAGAGCCGCAGAATG
AAAGGAGGCAAGGATG000000000,7.371092,,,,AAAGGAGGCAAGGATG
AAGGGAGCGGCCGCGATG0000000,7.370973,,,,AAGGGAGCGGCCGCGATG
CGAGGAATTTATGATG000000000,7.36789,,,,CGAGGAATTTATGATG
CATGGAGGATAAGGATCGCCCATG0,7.362955,,,,CATGGAGGATAAGGATCGCCCATG
CAGGGAAGAGCCCCATG00000000,7.35738,,,,CAGGGAAGAGCCCCATG
GGAGGACACATCCCATG00000000,7.357371,,,,GGAGGACACATCCCATG
ACAGGAGGGAATGATG000000000,7.355791,,,,ACAGGAGGGAATGATG
AGGGGATAGAGAATG0000000000,7.355375,,,,AGGGGATAGAGAATG
AAAGGAGAAGCAGGCATG0000000,7.355181,,,,AAAGGAGAAGCAGGCATG
GAAGGAGAGGCCTTTTTGGATG000,7.354975,,,,GAAGGAGAGGCCTTTTTGGATG
CCAGGAGAGTCGTTCCTGTG00000,7.354835,,,,CCAGGAGAGTCGTTCCTGTG
GAGGGAGAGGTGGATCATG000000,7.352361,,,,GAGGGAGAGGTGGATCATG
CGCGGAAGGGGAAAGCCATG00000,7.352219,,,,CGCGGAAGGGGAAAGCCATG
ATAGGAGGGCGCGTCATG0000000,7.351505,,,,ATAGGAGGGCGCGTCATG
GAAGGAAGCAAGGGATG00000000,7.350118,,,,GAAGGAAGCAAGGGATG
ATCGGAGAGAAACCATG00000000,7.347661,,,,ATCGGAGAGAAACCATG
CGCGGAGAGCGCGCATG00000000,7.347503,,,,CGCGGAGAGCGCGCATG
AGGGGAGGAACACGATG00000000,7.34637,,,,AGGGGAGGAACACGATG
GGAGGAGGAAATCATG000000000,7.343492,,,,GGAGGAGGAAATCATG
GCCGGAGAAGTGATTCCATG00000,7.342109,,,,GCCGGAGAAGTGATTCCATG
AAAGGATCGAGTTCATG00000000,7.342006,,,,AAAGGATCGAGTTCATG
TGAGGAGGTGATCCTATG0000000,7.341983,,,,TGAGGAGGTGATCCTATG
GATGGAGGGTCATG00000000000,7.340842,,,,GATGGAGGGTCATG
AAAGGAAAAAGGGCGCATG000000,7.337185,,,,AAAGGAAAAAGGGCGCATG
CCAGGAGAAAACGACCATG000000,7.336628,,,,CCAGGAGAAAACGACCATG
AAAGGAATGCAAGTCATG0000000,7.335425,,,,AAAGGAATGCAAGTCATG
ACAGGATAGTTCTGGCGATG00000,7.335341,,,,ACAGGATAGTTCTGGCGATG
AGCGGAGGAGCGCATCATG000000,7.334846,,,,AGCGGAGGAGCGCATCATG
CAAGGAAACCCATG00000000000,7.334388,,,,CAAGGAAACCCATG
AAGGGAAAGAGGCTCCGATG00000,7.333221,,,,AAGGGAAAGAGGCTCCGATG
GAAGGAACGACCATG0000000000,7.330795,,,,GAAGGAACGACCATG
GAGGGACAAAGGGGGGCGCATG000,7.329196,,,,GAGGGACAAAGGGGGGCGCATG
TCAGGAGGGGCGTTTATCCATG000,7.32879,,,,TCAGGAGGGGCGTTTATCCATG
ACAGGAGAATCCTGCATG0000000,7.326723,,,,ACAGGAGAATCCTGCATG
AAAGGAGGGCCCCGATG00000000,7.326445,,,,AAAGGAGGGCCCCGATG
CGGGGAAATGATCCGAACCATG000,7.325666,,,,CGGGGAAATGATCCGAACCATG
GAGGGACGCCCGACATG00000000,7.322021,,,,GAGGGACGCCCGACATG
AAAGGAATACGCGATG000000000,7.321652,,,,AAAGGAATACGCGATG
AAAGGTGAATAAAGATG00000000,7.321523,,,,AAAGGTGAATAAAGATG
TCAGGAGTTATGTCACCGCCATG00,7.320442,,,,TCAGGAGTTATGTCACCGCCATG
CAAGGAACTTGGGAAAATG000000,7.320087,,,,CAAGGAACTTGGGAAAATG
CACGGAAAGGCAGCCATG0000000,7.312962,,,,CACGGAAAGGCAGCCATG
GCCGGAGTTCCGACATG00000000,7.309904,,,,GCCGGAGTTCCGACATG
GAGGGAGAGAGCAATATG0000000,7.308875,,,,GAGGGAGAGAGCAATATG
AAAGGATTAGCATGCGAATG00000,7.307466,,,,AAAGGATTAGCATGCGAATG
CGAGGTGGGCGCTGAAATG000000,7.307213,,,,CGAGGTGGGCGCTGAAATG
TGGGGAAAAGCCGATG000000000,7.305393,,,,TGGGGAAAAGCCGATG
AACGGAGAGCTGACATG00000000,7.305376,,,,AACGGAGAGCTGACATG
GAAGGAACGATTTCATG00000000,7.304788,,,,GAAGGAACGATTTCATG
GGAGGAGAGCCCATG0000000000,7.304776,,,,GGAGGAGAGCCCATG
AACGGAGGGCATGCATG00000000,7.300779,,,,AACGGAGGGCATGCATG
CCGGGAGCACACGGCCATG000000,7.299955,,,,CCGGGAGCACACGGCCATG
CGCGGAGGTAAGGACGATG000000,7.297088,,,,CGCGGAGGTAAGGACGATG
AAAGGATGGACGACCATG0000000,7.296119,,,,AAAGGATGGACGACCATG
AAAGGACGTTTGTCATG00000000,7.295641,,,,AAAGGACGTTTGTCATG
AAAGGAAAGAATCCATG00000000,7.295307,,,,AAAGGAAAGAATCCATG
AGAGGTGAGACGACCTCTTG00000,7.293541,,,,AGAGGTGAGACGACCTCTTG
GGGGGAAAAAGCCGATG00000000,7.29316,,,,GGGGGAAAAAGCCGATG
CGAGGAGGGAAGCGATCATG00000,7.291537,,,,CGAGGAGGGAAGCGATCATG
GCTGGAGGACCACGATG00000000,7.29063,,,,GCTGGAGGACCACGATG
GAAGGAGAACGATGATG00000000,7.290333,,,,GAAGGAGAACGATGATG
GCAGGAACGAGGGATGACATG0000,7.286417,,,,GCAGGAACGAGGGATGACATG
AATGGAGGGATGAATG000000000,7.282981,,,,AATGGAGGGATGAATG
CAAGGTGACTGCCCATG00000000,7.282288,,,,CAAGGTGACTGCCCATG
AAGGGAAAGAAAGATG000000000,7.281772,,,,AAGGGAAAGAAAGATG
AAGGGAGCCAGATGCGCATG00000,7.281674,,,,AAGGGAGCCAGATGCGCATG
TGAGGAGGTAGCCCATG00000000,7.280375,,,,TGAGGAGGTAGCCCATG
TCGGGAAGGGGGTGGCGGATG0000,7.279998,,,,TCGGGAAGGGGGTGGCGGATG
CAAGGAAAGGATCATG000000000,7.276781,,,,CAAGGAAAGGATCATG
CCGGGAAAACCCGTCATG0000000,7.275047,,,,CCGGGAAAACCCGTCATG
CAGGGAGAGGACGGATG00000000,7.271589,,,,CAGGGAGAGGACGGATG
GCCGGAAATTTCCATG000000000,7.265875,,,,GCCGGAAATTTCCATG
ACAGGAGAAAACCCCATG0000000,7.265518,,,,ACAGGAGAAAACCCCATG
AAGGGAGCAGGAAATG000000000,7.264274,,,,AAGGGAGCAGGAAATG
AGGGGAAAGGGCGTATG00000000,7.261709,,,,AGGGGAAAGGGCGTATG
ACGGGAAAAACCAGCATG0000000,7.261621,,,,ACGGGAAAAACCAGCATG
GACGGAGGGAACCGCGCATG00000,7.260075,,,,GACGGAGGGAACCGCGCATG
GGGGGACGGGGGCGATG00000000,7.259456,,,,GGGGGACGGGGGCGATG
AAGGGAGCCAAGGGGACGGATG000,7.257101,,,,AAGGGAGCCAAGGGGACGGATG
GAGGGAGGAGGCGCCATG0000000,7.255605,,,,GAGGGAGGAGGCGCCATG
GACGGAGAAGAACGATG00000000,7.253312,,,,GACGGAGAAGAACGATG
CGAGGAGGACGAGAGATG0000000,7.25163,,,,CGAGGAGGACGAGAGATG
CAGGGAGTAAGAAGCAATG000000,7.251475,,,,CAGGGAGTAAGAAGCAATG
CAAGGAGTGATTCATG000000000,7.2492,,,,CAAGGAGTGATTCATG
ACAGGAGCGACCCATATG0000000,7.248152,,,,ACAGGAGCGACCCATATG
GTAGGAGAACGCTCTTTG0000000,7.247431,,,,GTAGGAGAACGCTCTTTG
GACGGAGGGGCTGATG000000000,7.241149,,,,GACGGAGGGGCTGATG
CACGGAGAGGCCTGACATG000000,7.241093,,,,CACGGAGAGGCCTGACATG
CGCGGAAAGCGAACCAATG000000,7.237374,,,,CGCGGAAAGCGAACCAATG
GAGGGAGGAGAAACTGTTATG0000,7.237259,,,,GAGGGAGGAGAAACTGTTATG
CCAGGAGCATGGTGGCACTATG000,7.237223,,,,CCAGGAGCATGGTGGCACTATG
AACGGTGAAACAGACATG0000000,7.236747,,,,AACGGTGAAACAGACATG
TAAGGAACTTGTGGGTATG000000,7.236705,,,,TAAGGAACTTGTGGGTATG
GACGGAGAAGCGTAATG00000000,7.235733,,,,GACGGAGAAGCGTAATG
ACAGGAATGACCATG0000000000,7.230943,,,,ACAGGAATGACCATG
GACGGACGCAGACAATG00000000,7.225941,,,,GACGGACGCAGACAATG
GAAGGAGCGTGTGACATG0000000,7.224481,,,,GAAGGAGCGTGTGACATG
GAAGGAGAAAATCCGATG0000000,7.223545,,,,GAAGGAGAAAATCCGATG
CAGGGAACGCCCACCATG0000000,7.222748,,,,CAGGGAACGCCCACCATG
GGAGGAGGGATGAGGACATG00000,7.222169,,,,GGAGGAGGGATGAGGACATG
CAAGGACCGGCACCCATG0000000,7.221832,,,,CAAGGACCGGCACCCATG
CAGGGACGGTACACGTG00000000,7.221018,,,,CAGGGACGGTACACGTG
AGGGGAGGACGCGCGATG0000000,7.219414,,,,AGGGGAGGACGCGCGATG
CCCGGAGCTGACAAAGATG000000,7.218451,,,,CCCGGAGCTGACAAAGATG
TCAGGAGTGCCGAGATG00000000,7.216249,,,,TCAGGAGTGCCGAGATG
CGAGGACAGACGAGATG00000000,7.21546,,,,CGAGGACAGACGAGATG
GGAGGATAGGAACCGGCATG00000,7.212685,,,,GGAGGATAGGAACCGGCATG
CATGGAGAAGAAATCATG0000000,7.21254,,,,CATGGAGAAGAAATCATG
GCAGGAGAGCAGGATG000000000,7.205553,,,,GCAGGAGAGCAGGATG
ATCGGAGAGAGAGTGCATG000000,7.199764,,,,ATCGGAGAGAGAGTGCATG
GCAGGAGGCAGGTTTCACGATG000,7.199581,,,,GCAGGAGGCAGGTTTCACGATG
GACGGAGGGATACGCGATG000000,7.189707,,,,GACGGAGGGATACGCGATG
ATGGGAGGCGAATGATG00000000,7.189015,,,,ATGGGAGGCGAATGATG
GGAGGAGACGGACCATG00000000,7.187387,,,,GGAGGAGACGGACCATG
AGGGGAGGAAGCACGATCATG0000,7.187283,,,,AGGGGAGGAAGCACGATCATG
AGAGGAACGCCGATG0000000000,7.184876,,,,AGAGGAACGCCGATG
ACAGGACACCTGACATG00000000,7.18436,,,,ACAGGACACCTGACATG
GAAGGAGGGAGTTGAATG0000000,7.182168,,,,GAAGGAGGGAGTTGAATG
CGAGGAAGGAGCCGCCATG000000,7.179167,,,,CGAGGAAGGAGCCGCCATG
ACAGGTGACCGCCATG000000000,7.179102,,,,ACAGGTGACCGCCATG
AAAGGAGTTGCCAATG000000000,7.176864,,,,AAAGGAGTTGCCAATG
GGAGGAGAAAAAACTCTTG000000,7.175589,,,,GGAGGAGAAAAAACTCTTG
AAAGGAGCAGGTTCATG00000000,7.17403,,,,AAAGGAGCAGGTTCATG
GACGGAGAGCCGCGGAATG000000,7.172224,,,,GACGGAGAGCCGCGGAATG
GCAGGACATCCGCCATG00000000,7.172215,,,,GCAGGACATCCGCCATG
AAGGGAAGGAACGATG000000000,7.172212,,,,AAGGGAAGGAACGATG
CAAGGTGAGGTCCATGACATG0000,7.171893,,,,CAAGGTGAGGTCCATGACATG
CAAGGAGAACGCCGCATG0000000,7.167781,,,,CAAGGAGAACGCCGCATG
ACCGGAGTAAAGAGGCTGCGATG00,7.166029,,,,ACCGGAGTAAAGAGGCTGCGATG
AACGGAGTATGAGGCAGAAATTG00,7.165015,,,,AACGGAGTATGAGGCAGAAATTG
TGAGGAGAAGCGATG0000000000,7.164856,,,,TGAGGAGAAGCGATG
AAGGGAGGAAACATG0000000000,7.162098,,,,AAGGGAGGAAACATG
TAAGGACAAAGCGACATG0000000,7.161021,,,,TAAGGACAAAGCGACATG
CAAGGATGGTGAGCGATG0000000,7.160694,,,,CAAGGATGGTGAGCGATG
ACCGGAGGAAGCCAACCCATG0000,7.158998,,,,ACCGGAGGAAGCCAACCCATG
TAGGGAGGGAACGCGCGAAATG000,7.155768,,,,TAGGGAGGGAACGCGCGAAATG
AGCGGAAGATCTCGATG00000000,7.154477,,,,AGCGGAAGATCTCGATG
CAAGGAGAGACGCATG000000000,7.152599,,,,CAAGGAGAGACGCATG
AAGGGAGAGCCAGATG000000000,7.151568,,,,AAGGGAGAGCCAGATG
CAGGGAGTTGCGCGATG00000000,7.151079,,,,CAGGGAGTTGCGCGATG
ACAGGAGAGCCATG00000000000,7.149198,,,,ACAGGAGAGCCATG
AAAGGAAGGCCATGTGATG000000,7.147718,,,,AAAGGAAGGCCATGTGATG
GGCGGAGTGGACAGATG00000000,7.146494,,,,GGCGGAGTGGACAGATG
GGCGGAGGCTGGGGAATTG000000,7.142448,,,,GGCGGAGGCTGGGGAATTG
CGAGGAGGAAAGGCGTTATG00000,7.141946,,,,CGAGGAGGAAAGGCGTTATG
TGGGGAAAGACTTTGGCATG00000,7.140737,,,,TGGGGAAAGACTTTGGCATG
AGCGGACAGGCTGAGCCATG00000,7.140255,,,,AGCGGACAGGCTGAGCCATG
GAAGGAGGCTTGAAGTG00000000,7.139271,,,,GAAGGAGGCTTGAAGTG
AGGGGAACGCCGGATGTG0000000,7.135084,,,,AGGGGAACGCCGGATGTG
AGAGGAGTGGCGGCGCTGATG0000,7.131562,,,,AGAGGAGTGGCGGCGCTGATG
GAGGGACGGGGCGAATG00000000,7.128582,,,,GAGGGACGGGGCGAATG
GCAGGAGGCGGCAGATG00000000,7.12821,,,,GCAGGAGGCGGCAGATG
CGGGGAATGATCCGCATG0000000,7.124859,,,,CGGGGAATGATCCGCATG
AAGGGAAACAAACTCATG0000000,7.124758,,,,AAGGGAAACAAACTCATG
CAAGGAGTAGGAATG0000000000,7.120695,,,,CAAGGAGTAGGAATG
AAAGGACAGGCCATG0000000000,7.11961,,,,AAAGGACAGGCCATG
AGCGGAGAGAGAATGTCCATG0000,7.118488,,,,AGCGGAGAGAGAATGTCCATG
CAAGGAGCGGCAGCGCATG000000,7.117902,,,,CAAGGAGCGGCAGCGCATG
ACGGGAGCTCGCCATG000000000,7.117238,,,,ACGGGAGCTCGCCATG
GAGGGAGAACGACTGATG0000000,7.117057,,,,GAGGGAGAACGACTGATG
TGAGGAGAAGGAACCAGGATCATG0,7.11447,,,,TGAGGAGAAGGAACCAGGATCATG
TCAGGAGAGGCGCAGCGTG000000,7.113818,,,,TCAGGAGAGGCGCAGCGTG
TCAGGAATGAATAGCCAGCCATG00,7.111943,,,,TCAGGAATGAATAGCCAGCCATG
AAAGGACCTTCACGTG000000000,7.111333,,,,AAAGGACCTTCACGTG
AGCGGAGGAGACGGCATG0000000,7.106173,,,,AGCGGAGGAGACGGCATG
GAAGGAGCAAGATG00000000000,7.105805,,,,GAAGGAGCAAGATG
CAGGGTGATGAGCGTG000000000,7.105456,,,,CAGGGTGATGAGCGTG
GCCGGAGAGAACGCATGATG00000,7.100725,,,,GCCGGAGAGAACGCATGATG
TCGGGAAATATGGTCATG0000000,7.099992,,,,TCGGGAAATATGGTCATG
GCAGGAGATGAGCCGATG0000000,7.098841,,,,GCAGGAGATGAGCCGATG
ACGGGAGACGAAGCGATG0000000,7.089356,,,,ACGGGAGACGAAGCGATG
ACAGGAGGGCTCTGCTTG0000000,7.087516,,,,ACAGGAGGGCTCTGCTTG
GCAGGAGGAATGACGATG0000000,7.084441,,,,GCAGGAGGAATGACGATG
CGAGGAGGATGGCGCATG0000000,7.083919,,,,CGAGGAGGATGGCGCATG
GGCGGAAAGGCCAGGATG0000000,7.082473,,,,GGCGGAAAGGCCAGGATG
CAAGGAGTAAAACCATG00000000,7.082013,,,,CAAGGAGTAAAACCATG
AAGGGACGGGATATG0000000000,7.081574,,,,AAGGGACGGGATATG
GAAGGAGGGAAGCCATG00000000,7.080389,,,,GAAGGAGGGAAGCCATG
AACGGAATAGCCCAATG00000000,7.079162,,,,AACGGAATAGCCCAATG
AAGGGAAAGGCTAGGACATG00000,7.077265,,,,AAGGGAAAGGCTAGGACATG
AAAGGAAGAGAGCCCCATG000000,7.076307,,,,AAAGGAAGAGAGCCCCATG
GAGGGATGGAAGGGGACGCATG000,7.075991,,,,GAGGGATGGAAGGGGACGCATG
GAAGGAGAGCCCGAGCATG000000,7.075222,,,,GAAGGAGAGCCCGAGCATG
AGGGGAGGGAGGTCGTGCAATG000,7.073196,,,,AGGGGAGGGAGGTCGTGCAATG
AAAGGAAAACGAAAGTATG000000,7.066653,,,,AAAGGAAAACGAAAGTATG
CAAGGAGGGCGGCCGATG0000000,7.065267,,,,CAAGGAGGGCGGCCGATG
GAAGGAGAGCGTGATG000000000,7.06266,,,,GAAGGAGAGCGTGATG
GCGGGACGTTCCAGGTG00000000,7.059875,,,,GCGGGACGTTCCAGGTG
GAGGGAGGAACCGCGACGATG0000,7.059663,,,,GAGGGAGGAACCGCGACGATG
CGAGGAGGAAGATG00000000000,7.058573,,,,CGAGGAGGAAGATG
GAAGGAAGATTTCACATG0000000,7.05731,,,,GAAGGAAGATTTCACATG
CAGGGAGGGCTTCCCATG0000000,7.054652,,,,CAGGGAGGGCTTCCCATG
GCAGGATAAGAGCAGATG0000000,7.052214,,,,GCAGGATAAGAGCAGATG
AAGGGAAGAGCCCATG000000000,7.05018,,,,AAGGGAAGAGCCCATG
TGGGGAGAGACAATCGAATG00000,7.049916,,,,TGGGGAGAGACAATCGAATG
TGAGGAGCCATCGCATG00000000,7.048438,,,,TGAGGAGCCATCGCATG
CGAGGAAGGGGTGCATG00000000,7.044204,,,,CGAGGAAGGGGTGCATG
GACGGAAAGCATCTGCCATG00000,7.041991,,,,GACGGAAAGCATCTGCCATG
CCGGGAAAAAGACCGATG0000000,7.038258,,,,CCGGGAAAAAGACCGATG
CGAGGAGGAACGCCATG00000000,7.031116,,,,CGAGGAGGAACGCCATG
CAAGGAGGGGACATG0000000000,7.030708,,,,CAAGGAGGGGACATG
CAAGGAAAGCGCCATG000000000,7.019312,,,,CAAGGAAAGCGCCATG
CAAGGAGAGAAAAGAGTGTCATG00,7.018339,,,,CAAGGAGAGAAAAGAGTGTCATG
AAAGGACGAAGACGATG00000000,7.011856,,,,AAAGGACGAAGACGATG
ACAGGAATAATCCATG000000000,7.010933,,,,ACAGGAATAATCCATG
CAAGGAGTACCCCATG000000000,7.010636,,,,CAAGGAGTACCCCATG
GAAGGAGGAGCCGGCATG0000000,7.009876,,,,GAAGGAGGAGCCGGCATG
CGAGGAGATATCGCGCCATG00000,7.003774,,,,CGAGGAGATATCGCGCCATG
AAAGGAGGCCGACATG000000000,7.002131,,,,AAAGGAGGCCGACATG
AAAGGAATGCGACGATG00000000,6.999392,,,,AAAGGAATGCGACGATG
AGGGGATAAAGGCGAATGGGGATG0,6.998725,,,,AGGGGATAAAGGCGAATGGGGATG
GCAGGAAGTGGAAACGACATG0000,6.998004,,,,GCAGGAAGTGGAAACGACATG
GACGGAAAAGCCCATG000000000,6.997761,,,,GACGGAAAAGCCCATG
ACAGGAAAAACGGCATG00000000,6.98726,,,,ACAGGAAAAACGGCATG
ACGGGAGAAGCCATG0000000000,6.983442,,,,ACGGGAGAAGCCATG
GAAGGAGACCAGGGAATG0000000,6.983316,,,,GAAGGAGACCAGGGAATG
GAGGGAAGGGTGCCGATG0000000,6.981686,,,,GAGGGAAGGGTGCCGATG
GCAGGAACGACGAGGAATG000000,6.981453,,,,GCAGGAACGACGAGGAATG
AAGGGACCAGACGGTATAATG0000,6.978422,,,,AAGGGACCAGACGGTATAATG
CCGGGAGCGACGGCATG00000000,6.977185,,,,CCGGGAGCGACGGCATG
GCCGGAGGGTCGAGTGATG000000,6.975481,,,,GCCGGAGGGTCGAGTGATG
ACCGGAGAGGCCGGCTGATG00000,6.975255,,,,ACCGGAGAGGCCGGCTGATG
ACAGGAGGCCCAACCCAGTG00000,6.971285,,,,ACAGGAGGCCCAACCCAGTG
ACAGGAGGGCACCCATG00000000,6.968834,,,,ACAGGAGGGCACCCATG
GAAGGAACTTAAGGAAGTAGACATG,6.96387,,,,GAAGGAACTTAAGGAAGTAGACATG
ACGGGAGTGGAGAGATG00000000,6.962002,,,,ACGGGAGTGGAGAGATG
TGAGGAGGCTTCTGATG00000000,6.961433,,,,TGAGGAGGCTTCTGATG
CCCGGAAGGAATCGACGCAATATG0,6.959577,,,,CCCGGAAGGAATCGACGCAATATG
GGAGGAGAAGCGGATG000000000,6.956901,,,,GGAGGAGAAGCGGATG
CGAGGAGGACGACAATG00000000,6.955349,,,,CGAGGAGGACGACAATG
GAGGGAGGTAGCCAGATG0000000,6.954567,,,,GAGGGAGGTAGCCAGATG
CAAGGAGGGCGGGGCAGAATG0000,6.951365,,,,CAAGGAGGGCGGGGCAGAATG
AGCGGAGGGGGCGATCATG000000,6.949197,,,,AGCGGAGGGGGCGATCATG
ACAGGAAACAATACGAATG000000,6.948226,,,,ACAGGAAACAATACGAATG
GAGGGACCAGGGGATGTG0000000,6.943985,,,,GAGGGACCAGGGGATGTG
GGGGGAGCAATCCGATG00000000,6.932587,,,,GGGGGAGCAATCCGATG
GCAGGAGAGGGACTTGATG000000,6.927736,,,,GCAGGAGAGGGACTTGATG
AGCGGAAGTAGCCATG000000000,6.9276,,,,AGCGGAAGTAGCCATG
GGGGGAGGAAGCCGCCGATG00000,6.927147,,,,GGGGGAGGAAGCCGCCGATG
ACGGGACGCAAGACCAATG000000,6.925883,,,,ACGGGACGCAAGACCAATG
CCTGGAGAGGCAGGGGTG0000000,6.921332,,,,CCTGGAGAGGCAGGGGTG
AAAGGTGCGATGAGATG00000000,6.920809,,,,AAAGGTGCGATGAGATG
AAGGGATGATGAGCGATG0000000,6.919059,,,,AAGGGATGATGAGCGATG
TATGGAGAGAACCGGAAATG00000,6.917682,,,,TATGGAGAGAACCGGAAATG
CCCGGAGGGCTCATG0000000000,6.914402,,,,CCCGGAGGGCTCATG
AAAGGAGCAAATGAGATG0000000,6.908356,,,,AAAGGAGCAAATGAGATG
CCGGGACGAGTCAAGGCATG00000,6.907037,,,,CCGGGACGAGTCAAGGCATG
AAAGGAGAATGCCATGATG000000,6.905196,,,,AAAGGAGAATGCCATGATG
AAAGGAGAGACATGTTCAGATG000,6.894441,,,,AAAGGAGAGACATGTTCAGATG
GACGGAGGAAGCGGCCATG000000,6.891114,,,,GACGGAGGAAGCGGCCATG
AAAGGAGGGTTCCTCATG0000000,6.885947,,,,AAAGGAGGGTTCCTCATG
TGAGGAGAGCAGGATG000000000,6.884989,,,,TGAGGAGAGCAGGATG
GACGGAGAGAGGCGGAATG000000,6.87997,,,,GACGGAGAGAGGCGGAATG
TCGGGAGCTGAGGCCACATG00000,6.874536,,,,TCGGGAGCTGAGGCCACATG
AAAGGACTCCCCATG0000000000,6.870649,,,,AAAGGACTCCCCATG
CCCGGAAGGAACACATG00000000,6.869179,,,,CCCGGAAGGAACACATG
GCTGGAGAAGACCCGCAAATG0000,6.86909,,,,GCTGGAGAAGACCCGCAAATG
TGGGGAAAAAACGCATG00000000,6.867919,,,,TGGGGAAAAAACGCATG
TGGGGAAGATTATG00000000000,6.863418,,,,TGGGGAAGATTATG
ACGGGAAAAAGCCATG000000000,6.858424,,,,ACGGGAAAAAGCCATG
GCAGGAGCCGCCATTCATG000000,6.857901,,,,GCAGGAGCCGCCATTCATG
TCAGGAGAAGAGACATG00000000,6.856873,,,,TCAGGAGAAGAGACATG
AAAGGACACCCCGATG000000000,6.856168,,,,AAAGGACACCCCGATG
AAGGGAAAGCGACGTG000000000,6.854488,,,,AAGGGAAAGCGACGTG
GCCGGAGGGGGGGCGGGGCATG000,6.851262,,,,GCCGGAGGGGGGGCGGGGCATG
CGGGGAAAGACGGAATG00000000,6.850493,,,,CGGGGAAAGACGGAATG
AGAGGACCGCTCAGATG00000000,6.850275,,,,AGAGGACCGCTCAGATG
AAAGGATGATCGGCCGTG0000000,6.848677,,,,AAAGGATGATCGGCCGTG
GCGGGAGGAGTATCATG00000000,6.84364,,,,GCGGGAGGAGTATCATG
TGAGGAAGGGGCGGCATG0000000,6.840382,,,,TGAGGAAGGGGCGGCATG
AAGGGAGCACCGTCCATG0000000,6.838811,,,,AAGGGAGCACCGTCCATG
GCTGGAGAGGGAACTGATG000000,6.833737,,,,GCTGGAGAGGGAACTGATG
CGAGGAGAGACCCGGCATG000000,6.824025,,,,CGAGGAGAGACCCGGCATG
GGAGGACGGCCCAATG000000000,6.822518,,,,GGAGGACGGCCCAATG
ACGGGAGGGGCTCGAAATG000000,6.820674,,,,ACGGGAGGGGCTCGAAATG
ACCGGAGGGAGCCTGACAATG0000,6.820289,,,,ACCGGAGGGAGCCTGACAATG
CAGGGAGAGATCATG0000000000,6.819672,,,,CAGGGAGAGATCATG
CATGGAGACGAGCCATG00000000,6.816238,,,,CATGGAGACGAGCCATG
AGGGGAACGAATCGCGACAGATG00,6.812341,,,,AGGGGAACGAATCGCGACAGATG
CGAGGAGCCAAACGAGATG000000,6.81057,,,,CGAGGAGCCAAACGAGATG
GCAGGAGGGCCGAATGATG000000,6.808224,,,,GCAGGAGGGCCGAATGATG
AAAGGAGGGGCGTCATG00000000,6.806662,,,,AAAGGAGGGGCGTCATG
GAAGGAGTCACAATG0000000000,6.806627,,,,GAAGGAGTCACAATG
GCAGGAGCGTCCGTCATG0000000,6.803664,,,,GCAGGAGCGTCCGTCATG
CACGGAGGGAAGAACCATG000000,6.799726,,,,CACGGAGGGAAGAACCATG
CAAGGACTCGCGACGTG00000000,6.796139,,,,CAAGGACTCGCGACGTG
GATGGAGGATCGCAATG00000000,6.793692,,,,GATGGAGGATCGCAATG
ACGGGAGGTCCACGCATG0000000,6.793642,,,,ACGGGAGGTCCACGCATG
GAAGGAGGCAGGCCGATG0000000,6.789504,,,,GAAGGAGGCAGGCCGATG
TCAGGACGGGCACCATG00000000,6.789052,,,,TCAGGACGGGCACCATG
AAAGGAGCGAGAACGAGCAATGATG,6.788824,,,,AAAGGAGCGAGAACGAGCAATGATG
CGGGGACAAGGGACGGATG000000,6.78728,,,,CGGGGACAAGGGACGGATG
ACGGGAGACGCGGCATG00000000,6.787088,,,,ACGGGAGACGCGGCATG
GAAGGAAAAACCATG0000000000,6.786954,,,,GAAGGAAAAACCATG
GCTGGAGGGCATCATG000000000,6.781112,,,,GCTGGAGGGCATCATG
AAGGGAAAATGACCATG00000000,6.781109,,,,AAGGGAAAATGACCATG
GCAGGAGGAGGGGACGGCATG0000,6.780469,,,,GCAGGAGGAGGGGACGGCATG
AAAGGAACTGGAATG0000000000,6.780297,,,,AAAGGAACTGGAATG
CAGGGAGGAGCCGATG000000000,6.770803,,,,CAGGGAGGAGCCGATG
CAAGGATGAGACATG0000000000,6.769865,,,,CAAGGATGAGACATG
GAAGGACAGTCATTCATG0000000,6.762029,,,,GAAGGACAGTCATTCATG
CGGGGAGGAGGCGCGATG0000000,6.761401,,,,CGGGGAGGAGGCGCGATG
GGAGGAGTAGAATG00000000000,6.760541,,,,GGAGGAGTAGAATG
ACGGGACTGAGCAGGAATG000000,6.759255,,,,ACGGGACTGAGCAGGAATG
AGAGGACACAGCCCGATG0000000,6.757707,,,,AGAGGACACAGCCCGATG
CAAGGAGAAAGACCATG00000000,6.75749,,,,CAAGGAGAAAGACCATG
CGAGGAGGGGCGGGTG000000000,6.75699,,,,CGAGGAGGGGCGGGTG
CCAGGACGCCGACCATG00000000,6.754567,,,,CCAGGACGCCGACCATG
AAGGGAATTAGGGCGGTG0000000,6.75186,,,,AAGGGAATTAGGGCGGTG
GCAGGAGTGGCCGTCTGATG00000,6.7456,,,,GCAGGAGTGGCCGTCTGATG
TGAGGAAATGTTAGTATG0000000,6.741069,,,,TGAGGAAATGTTAGTATG
GGGGGAAAGCGCCATG000000000,6.740521,,,,GGGGGAAAGCGCCATG
GCCGGAGGAGGCGATG000000000,6.739721,,,,GCCGGAGGAGGCGATG
GGGGGACATGACCATG000000000,6.737559,,,,GGGGGACATGACCATG
AAGGGACAAGCCACATG00000000,6.734438,,,,AAGGGACAAGCCACATG
AAGGGAAGACGCCATG000000000,6.734008,,,,AAGGGAAGACGCCATG
AAGGGAGGAAGACATG000000000,6.723531,,,,AAGGGAGGAAGACATG
CGAGGAAACCGGAATG000000000,6.721816,,,,CGAGGAAACCGGAATG
AGGGGAAAATCGAGATG00000000,6.720557,,,,AGGGGAAAATCGAGATG
ACAGGAGGAATAGACGATG000000,6.715647,,,,ACAGGAGGAATAGACGATG
CAGGGAGAGAAGAAAGATG000000,6.713106,,,,CAGGGAGAGAAGAAAGATG
CAAGGAATGCGAGCATG00000000,6.712256,,,,CAAGGAATGCGAGCATG
AGGGGAAAAAGAAAATG00000000,6.708443,,,,AGGGGAAAAAGAAAATG
GAAGGAAAAGCCCATG000000000,6.706965,,,,GAAGGAAAAGCCCATG
GCAGGAGTGGGGAAGCCCATG0000,6.706512,,,,GCAGGAGTGGGGAAGCCCATG
GCAGGAGTGGAAGATG000000000,6.704998,,,,GCAGGAGTGGAAGATG
GCGGGAGGAGGCTTTGGAATG0000,6.701088,,,,GCGGGAGGAGGCTTTGGAATG
CAAGGATCACCACGCCATG000000,6.692791,,,,CAAGGATCACCACGCCATG
GAAGGAGACCAATCATG00000000,6.684862,,,,GAAGGAGACCAATCATG
GCTGGAGAAGGCCGATG00000000,6.68384,,,,GCTGGAGAAGGCCGATG
CAAGGAGCTGCCGCCCGTG000000,6.678208,,,,CAAGGAGCTGCCGCCCGTG
GAGGGAGGGCCCGATG000000000,6.676235,,,,GAGGGAGGGCCCGATG
GCAGGAGCAAAGCCATG00000000,6.672888,,,,GCAGGAGCAAAGCCATG
GAAGGAAAAGTAAAATG00000000,6.668333,,,,GAAGGAAAAGTAAAATG
AACGGAGCCCACGCGATG0000000,6.661228,,,,AACGGAGCCCACGCGATG
GGAGGAGCCAGGCGGGTCGCGATG0,6.660486,,,,GGAGGAGCCAGGCGGGTCGCGATG
GCAGGAAAACATGATG000000000,6.658956,,,,GCAGGAAAACATGATG
AACGGATAATCCTGCGATG000000,6.658079,,,,AACGGATAATCCTGCGATG
CGAGGAAGGAAAGATCATG000000,6.656748,,,,CGAGGAAGGAAAGATCATG
GGCGGAGTGCCCCGATG00000000,6.655501,,,,GGCGGAGTGCCCCGATG
GCAGGAAAGCGGTCCATG0000000,6.655371,,,,GCAGGAAAGCGGTCCATG
CGAGGAGGGGAAAGCTCGGATG000,6.645504,,,,CGAGGAGGGGAAAGCTCGGATG
AAGGGAGGAGCAAGGACATG00000,6.644959,,,,AAGGGAGGAGCAAGGACATG
AAGGGAAAACCCCGCGCCATG0000,6.643735,,,,AAGGGAAAACCCCGCGCCATG
ACAGGAGAAGCGCGCATG0000000,6.64331,,,,ACAGGAGAAGCGCGCATG
ACGGGACGGTCTGAGCCATG00000,6.643083,,,,ACGGGACGGTCTGAGCCATG
GAAGGATGAGCCGCGATG0000000,6.633696,,,,GAAGGATGAGCCGCGATG
GAGGGACAAGCTCCGACATG00000,6.633311,,,,GAGGGACAAGCTCCGACATG
CAAGGAGCGGCGCCATG00000000,6.631338,,,,CAAGGAGCGGCGCCATG
GGAGGAGAAAATTGAATG0000000,6.630512,,,,GGAGGAGAAAATTGAATG
GGAGGAGAACCATG00000000000,6.625233,,,,GGAGGAGAACCATG
CAGGGATAAGGGCAGGGATCATG00,6.625227,,,,CAGGGATAAGGGCAGGGATCATG
TGAGGAGCACGAATTCATG000000,6.623888,,,,TGAGGAGCACGAATTCATG
CAAGGAGTGCGCTATG000000000,6.620356,,,,CAAGGAGTGCGCTATG
CGGGGAGGGCACCGATG00000000,6.616756,,,,CGGGGAGGGCACCGATG
ACAGGAGAAGACCTGCCATG00000,6.616138,,,,ACAGGAGAAGACCTGCCATG
GGGGGAGGCACGATG0000000000,6.611746,,,,GGGGGAGGCACGATG
GAGGGACGAACAGCCATG0000000,6.597556,,,,GAGGGACGAACAGCCATG
TCAGGAGGTCTTGCCATG0000000,6.59653,,,,TCAGGAGGTCTTGCCATG
AAAGGACGAGCGCATG000000000,6.596235,,,,AAAGGACGAGCGCATG
GCAGGAGGTCCCATG0000000000,6.595951,,,,GCAGGAGGTCCCATG
CACGGAGGGACGGGATG00000000,6.584941,,,,CACGGAGGGACGGGATG
CAAGGACAAGAGAGAAGATG00000,6.583425,,,,CAAGGACAAGAGAGAAGATG
GCAGGAGGGCCACCATG00000000,6.573383,,,,GCAGGAGGGCCACCATG
GGAGGAAAGCCATG00000000000,6.56966,,,,GGAGGAAAGCCATG
AAAGGAGGATGCCGATG00000000,6.56477,,,,AAAGGAGGATGCCGATG
CCAGGAGGTGACGGATG00000000,6.562835,,,,CCAGGAGGTGACGGATG
ACAGGAGAGCAGGGGAAATG00000,6.559585,,,,ACAGGAGAGCAGGGGAAATG
GCAGGAGACAATCCATG00000000,6.559389,,,,GCAGGAGACAATCCATG
AGGGGAAAAAGACGTG000000000,6.557761,,,,AGGGGAAAAAGACGTG
AAAGGAGTACAATGATG00000000,6.556512,,,,AAAGGAGTACAATGATG
GGAGGACATTGAAAGATG0000000,6.554831,,,,GGAGGACATTGAAAGATG
AAAGGACGAGAGCAGGAAGCAGATG,6.553507,,,,AAAGGACGAGAGCAGGAAGCAGATG
CATGGAGGGGACCAGGACGATG000,6.551157,,,,CATGGAGGGGACCAGGACGATG
AAGGGAAAAGTATAGTATG000000,6.551039,,,,AAGGGAAAAGTATAGTATG
GAAGGAGGCGCCATG0000000000,6.550594,,,,GAAGGAGGCGCCATG
AAAGGAGTAAATCGTG000000000,6.549707,,,,AAAGGAGTAAATCGTG
GAAGGAGCATGCCCATG00000000,6.53786,,,,GAAGGAGCATGCCCATG
CGAGGACGGCCGCCGAGTG000000,6.535646,,,,CGAGGACGGCCGCCGAGTG
ACCGGAGGCCGGACATG00000000,6.533821,,,,ACCGGAGGCCGGACATG
GAAGGAGGAGGGGCGATG0000000,6.53167,,,,GAAGGAGGAGGGGCGATG
AGGGGATGATCGCGCCATG000000,6.530871,,,,AGGGGATGATCGCGCCATG
CCGGGTGACCTTGGACGAGCCATG0,6.528347,,,,CCGGGTGACCTTGGACGAGCCATG
GAAGGTGGAAGTGTTTCCGGCCATG,6.52826,,,,GAAGGTGGAAGTGTTTCCGGCCATG
GCCGGAAGTGAACTGCATG000000,6.521096,,,,GCCGGAAGTGAACTGCATG
AAAGGAACACCTGACATG0000000,6.519731,,,,AAAGGAACACCTGACATG
AAGGGAGGAATCGCATCCATCATG0,6.518908,,,,AAGGGAGGAATCGCATCCATCATG
AGGGGAGGGCGTCATG000000000,6.518622,,,,AGGGGAGGGCGTCATG
AAAGGAACAGAGAGGCGGCGATG00,6.518522,,,,AAAGGAACAGAGAGGCGGCGATG
ACAGGAGAGATCCATG000000000,6.51539,,,,ACAGGAGAGATCCATG
AGAGGAGAGACCCGAACCATTG000,6.513484,,,,AGAGGAGAGACCCGAACCATTG
AGGGGAATGAGGGACAATG000000,6.508252,,,,AGGGGAATGAGGGACAATG
AAGGGAGGGGCAGGGGTG0000000,6.502015,,,,AAGGGAGGGGCAGGGGTG
ACAGGAGGGGGCAATG000000000,6.501214,,,,ACAGGAGGGGGCAATG
AGAGGTGACGGCAGCTATG000000,6.492754,,,,AGAGGTGACGGCAGCTATG
ACAGGACGCCTCGATG000000000,6.490318,,,,ACAGGACGCCTCGATG
AGAGGAGAACATCATG000000000,6.489429,,,,AGAGGAGAACATCATG
TGAGGACAGAGCGGGCATG000000,6.48497,,,,TGAGGACAGAGCGGGCATG
AAGGGAGGTCGGCGTG000000000,6.483911,,,,AAGGGAGGTCGGCGTG
AGAGGAGGGGTGTCGATG0000000,6.483375,,,,AGAGGAGGGGTGTCGATG
AGCGGAGAATAACGCGGTGATG000,6.481764,,,,AGCGGAGAATAACGCGGTGATG
GACGGAGAGAACAGATG00000000,6.481182,,,,GACGGAGAGAACAGATG
CCGGGACGAGGCCATGGCATG0000,6.479945,,,,CCGGGACGAGGCCATGGCATG
CGAGGACAGATGCGATG00000000,6.47721,,,,CGAGGACAGATGCGATG
AGGGGAGGGGAGCAGATCATG0000,6.477181,,,,AGGGGAGGGGAGCAGATCATG
ACGGGAGGGTGCTGTGATG000000,6.468265,,,,ACGGGAGGGTGCTGTGATG
CGGGGAACCACCAGTG000000000,6.468219,,,,CGGGGAACCACCAGTG
GCAGGAGGTTCCGCATG00000000,6.465623,,,,GCAGGAGGTTCCGCATG
AACGGAGAGAGTAAATG00000000,6.460852,,,,AACGGAGAGAGTAAATG
CAAGGAGCAGGATTTTCGCGATG00,6.456025,,,,CAAGGAGCAGGATTTTCGCGATG
TCAGGAAAGAGGATG0000000000,6.455117,,,,TCAGGAAAGAGGATG
ACAGGTGGCGACGACATG0000000,6.451978,,,,ACAGGTGGCGACGACATG
CGAGGAGAGCCGATG0000000000,6.449123,,,,CGAGGAGAGCCGATG
ACAGGAGAATCCTGGATG0000000,6.447841,,,,ACAGGAGAATCCTGGATG
AAGGGAAGGCCGATG0000000000,6.442233,,,,AAGGGAAGGCCGATG
TGAGGAAAGAATGGGCATG000000,6.441511,,,,TGAGGAAAGAATGGGCATG
CCCGGAGGGGTCGAGGCATG00000,6.437201,,,,CCCGGAGGGGTCGAGGCATG
GAGGGACAGCCTGACATG0000000,6.435271,,,,GAGGGACAGCCTGACATG
ATGGGAGGCAGCAGAATG0000000,6.431075,,,,ATGGGAGGCAGCAGAATG
GCCGGAGAGAACGAATG00000000,6.430824,,,,GCCGGAGAGAACGAATG
GACGGAGGGGGGCCTGATCCATG00,6.428795,,,,GACGGAGGGGGGCCTGATCCATG
AAGGGAAAGAAATCATG00000000,6.428072,,,,AAGGGAAAGAAATCATG
CGAGGATGCGGGTGTGATG000000,6.427305,,,,CGAGGATGCGGGTGTGATG
CAGGGATGAGGGAAAGCATG00000,6.420746,,,,CAGGGATGAGGGAAAGCATG
AAAGGAACAACGATG0000000000,6.420668,,,,AAAGGAACAACGATG
AAAGGACCTTAAGGTGAATG00000,6.413444,,,,AAAGGACCTTAAGGTGAATG
CAAGGAGAAACTCACCATG000000,6.41325,,,,CAAGGAGAAACTCACCATG
CCCGGAGATATTATCCTATG00000,6.411757,,,,CCCGGAGATATTATCCTATG
CAAGGACGAGGAACGCGCTCATG00,6.410276,,,,CAAGGACGAGGAACGCGCTCATG
AAAGGATGGGCAAGGCATG000000,6.403884,,,,AAAGGATGGGCAAGGCATG
CGAGGAAGTTGAAATCGTCATG000,6.402519,,,,CGAGGAAGTTGAAATCGTCATG
CGGGGAGGACGACCATG00000000,6.388047,,,,CGGGGAGGACGACCATG
GCAGGAGGGCCCCCTTCATG00000,6.376679,,,,GCAGGAGGGCCCCCTTCATG
AACGGAGAGGGATCGGCCATG0000,6.373745,,,,AACGGAGAGGGATCGGCCATG
CAGGGAGGGGCACGAAATG000000,6.368751,,,,CAGGGAGGGGCACGAAATG
GCAGGAGGGACATG00000000000,6.368229,,,,GCAGGAGGGACATG
CAGGGAGGAAAGCATG000000000,6.363745,,,,CAGGGAGGAAAGCATG
GCAGGAGAGCCGCGATG00000000,6.359243,,,,GCAGGAGAGCCGCGATG
AGCGGAGGGTCAGATG000000000,6.351208,,,,AGCGGAGGGTCAGATG
GGAGGAGGAGGGAACTGCATG0000,6.342777,,,,GGAGGAGGAGGGAACTGCATG
GGCGGAGGGCAGCATG000000000,6.334862,,,,GGCGGAGGGCAGCATG
CAAGGATGCAGTAATG000000000,6.33127,,,,CAAGGATGCAGTAATG
AAGGGATGGCGCACATG00000000,6.330208,,,,AAGGGATGGCGCACATG
GCAGGAGGTAAGGGCGATGCAGATG,6.323416,,,,GCAGGAGGTAAGGGCGATGCAGATG
ACAGGACGATGAGCATG00000000,6.320475,,,,ACAGGACGATGAGCATG
AAAGGTGCAAGCGTG0000000000,6.320155,,,,AAAGGTGCAAGCGTG
AAAGGAATGGGATCCAGCATG0000,6.319557,,,,AAAGGAATGGGATCCAGCATG
GCGGGACAGAAACCATG00000000,6.315408,,,,GCGGGACAGAAACCATG
GAAGGAGAACAGCCATG00000000,6.314948,,,,GAAGGAGAACAGCCATG
AAAGGAGATGGAACCATG0000000,6.310997,,,,AAAGGAGATGGAACCATG
TCTGGAGGCCGAGATG000000000,6.303522,,,,TCTGGAGGCCGAGATG
GCAGGAGGAAACGATG000000000,6.301586,,,,GCAGGAGGAAACGATG
GACGGAGGGCAGCGCGCATG00000,6.299196,,,,GACGGAGGGCAGCGCGCATG
CAAGGTGAGGGACGCATG0000000,6.29901,,,,CAAGGTGAGGGACGCATG
AGAGGAGCCCCGCGACATG000000,6.291619,,,,AGAGGAGCCCCGCGACATG
GCTGGAGGGAAACGACGATG00000,6.289273,,,,GCTGGAGGGAAACGACGATG
CCGGGAGGTGACCGGCCGGAATG00,6.283669,,,,CCGGGAGGTGACCGGCCGGAATG
AAAGGTCACCAGGTCGCCATG0000,6.27701,,,,AAAGGTCACCAGGTCGCCATG
CGAGGAGGAAACCAGATG0000000,6.27048,,,,CGAGGAGGAAACCAGATG
CCAGGAGTATTGCCGCATG000000,6.268069,,,,CCAGGAGTATTGCCGCATG
ACAGGACGAGAAAATG000000000,6.267503,,,,ACAGGACGAGAAAATG
TGAGGAATAGACATG0000000000,6.267431,,,,TGAGGAATAGACATG
GCTGGAGGGACTGGAATG0000000,6.265465,,,,GCTGGAGGGACTGGAATG
AAAGGAGAACAGCCACATG000000,6.264456,,,,AAAGGAGAACAGCCACATG
GGCGGAGTTGGTTTAGGGCGGATG0,6.250387,,,,GGCGGAGTTGGTTTAGGGCGGATG
AAAGGAAAACGCGCGATG0000000,6.239682,,,,AAAGGAAAACGCGCGATG
GCTGGAGTAGGACGCGATG000000,6.237794,,,,GCTGGAGTAGGACGCGATG
CAAGGATTACGCGGGCATG000000,6.235251,,,,CAAGGATTACGCGGGCATG
ACAGGAAAGGGCTGATG00000000,6.208799,,,,ACAGGAAAGGGCTGATG
AAAGGAAAAGGTGATCCGATG0000,6.201112,,,,AAAGGAAAAGGTGATCCGATG
ACAGGAGGTGAATG00000000000,6.184893,,,,ACAGGAGGTGAATG
CCCGGAGTGACGATG0000000000,6.18224,,,,CCCGGAGTGACGATG
CAGGGAGAGCAGCATG000000000,6.178022,,,,CAGGGAGAGCAGCATG
CCGGGACATCTCCCATG00000000,6.170247,,,,CCGGGACATCTCCCATG
GATGGAGGCCAGCCATG00000000,6.157041,,,,GATGGAGGCCAGCCATG
CGTGGAGGTCTTGCATG00000000,6.156999,,,,CGTGGAGGTCTTGCATG
AAAGGAGAGGCTGAGCGGTG00000,6.155858,,,,AAAGGAGAGGCTGAGCGGTG
AGAGGAGAGGGCCGATG00000000,6.150559,,,,AGAGGAGAGGGCCGATG
CCAGGAAAAAGAGGCGCCAATG000,6.141115,,,,CCAGGAAAAAGAGGCGCCAATG
AAAGGAACGCAGGCATG00000000,6.138482,,,,AAAGGAACGCAGGCATG
CGGGGAATGGACCCATG00000000,6.135233,,,,CGGGGAATGGACCCATG
AAAGGAGCGGCGTGATG00000000,6.130454,,,,AAAGGAGCGGCGTGATG
CACGGAGGAACGGACAATATG0000,6.126355,,,,CACGGAGGAACGGACAATATG
CACGGAAGGGATCGCCATG000000,6.117619,,,,CACGGAAGGGATCGCCATG
GAGGGAGAATCCTGATG00000000,6.105439,,,,GAGGGAGAATCCTGATG
AACGGACACAGATG00000000000,6.098398,,,,AACGGACACAGATG
GCGGGAGAGACCATG0000000000,6.092064,,,,GCGGGAGAGACCATG
AATGGAGTGGCCAGATG00000000,6.081816,,,,AATGGAGTGGCCAGATG
ACAGGAGGCCCATG00000000000,6.077939,,,,ACAGGAGGCCCATG
CACGGAAGGCGCATCATG0000000,6.065429,,,,CACGGAAGGCGCATCATG
TAGGGAGGGCGATG00000000000,6.062352,,,,TAGGGAGGGCGATG
GCAGGAGGAGGTATCGTG0000000,6.062175,,,,GCAGGAGGAGGTATCGTG
GAAGGAAAATACAATG000000000,6.057323,,,,GAAGGAAAATACAATG
GGCGGAGGTTCATCGCATG000000,6.049773,,,,GGCGGAGGTTCATCGCATG
GAAGGAGCGGACATGGATG000000,6.039256,,,,GAAGGAGCGGACATGGATG
GAAGGTGGCCCGCCTGTG0000000,6.036742,,,,GAAGGTGGCCCGCCTGTG
CAGGGAGGACGCCATG000000000,6.031502,,,,CAGGGAGGACGCCATG
AAAGGAGCGCCAAGATG00000000,6.030128,,,,AAAGGAGCGCCAAGATG
GATGGAGGAGGCGCGATG0000000,5.984769,,,,GATGGAGGAGGCGCGATG
ACAGGAGGACGGAATG000000000,5.969297,,,,ACAGGAGGACGGAATG
AAAGGAAACGGTGAGATG0000000,5.964611,,,,AAAGGAAACGGTGAGATG
TCGGGACAGACCATG0000000000,5.958115,,,,TCGGGACAGACCATG
ACAGGACAAAAATCCATG0000000,5.957407,,,,ACAGGACAAAAATCCATG
CAAGGATAAGCCTGTTCGATG0000,5.954652,,,,CAAGGATAAGCCTGTTCGATG
CGGGGAAGGCCAGCATG00000000,5.946597,,,,CGGGGAAGGCCAGCATG
CGAGGAAAGACCCGCCCGGTG0000,5.938754,,,,CGAGGAAAGACCCGCCCGGTG
AATGGAGTGTGACAACCACATG000,5.92424,,,,AATGGAGTGTGACAACCACATG
CAAGGAAGGTAGAAGTCATG00000,5.922096,,,,CAAGGAAGGTAGAAGTCATG
GGGGGAAAGAGTTGCCGATG00000,5.920301,,,,GGGGGAAAGAGTTGCCGATG
CAAGGAAGAGGCGGCGGAATG0000,5.907827,,,,CAAGGAAGAGGCGGCGGAATG
CAAGGATAAAGGCAGGGCCATG000,5.9015,,,,CAAGGATAAAGGCAGGGCCATG
TGCGGAGGGCCACCATG00000000,5.886226,,,,TGCGGAGGGCCACCATG
GGAGGAGGAGCAGTATG00000000,5.885346,,,,GGAGGAGGAGCAGTATG
AGAGGACAAGGGCGTGAGATG0000,5.874714,,,,AGAGGACAAGGGCGTGAGATG
GAAGGAACGCAGCGATG00000000,5.873832,,,,GAAGGAACGCAGCGATG
GGAGGACTTCGCGCATG00000000,5.871505,,,,GGAGGACTTCGCGCATG
GCCGGAGGAAAACTATG00000000,5.852889,,,,GCCGGAGGAAAACTATG
AAAGGAAAAGGGGCAGGACATG000,5.832272,,,,AAAGGAAAAGGGGCAGGACATG
GATGGAAGAGAAAGATG00000000,5.827874,,,,GATGGAAGAGAAAGATG
CGAGGAAACGGGCATG000000000,5.82668,,,,CGAGGAAACGGGCATG
AAAGGAATGCCCGGCAATGATG000,5.825372,,,,AAAGGAATGCCCGGCAATGATG
TCAGGAGGGAAACCGCATG000000,5.816357,,,,TCAGGAGGGAAACCGCATG
AAGGGAAAGCCTGAGTCCCATG000,5.810005,,,,AAGGGAAAGCCTGAGTCCCATG
AAAGGACAATCGGTCTGGTGAAATG,5.807893,,,,AAAGGACAATCGGTCTGGTGAAATG
CCGGGAGGAGGCAAAATG0000000,5.77066,,,,CCGGGAGGAGGCAAAATG
AACGGATGGTTTGTCATATG00000,5.755412,,,,AACGGATGGTTTGTCATATG
GAAGGAGTGGGTGAAGATG000000,5.736958,,,,GAAGGAGTGGGTGAAGATG
CCGGGAGTCCCGCCTTG00000000,5.724702,,,,CCGGGAGTCCCGCCTTG
CCTGGAGGGTGACAATG00000000,5.710263,,,,CCTGGAGGGTGACAATG
GGAGGACAGGTGCATTATG000000,5.699858,,,,GGAGGACAGGTGCATTATG
AATGGAGCTGAGGACGGTTTG0000,5.699168,,,,AATGGAGCTGAGGACGGTTTG
ACAGGAATAGGACCATG00000000,5.694879,,,,ACAGGAATAGGACCATG
CCAGGAGCAGGCCGAGCAGTG0000,5.686129,,,,CCAGGAGCAGGCCGAGCAGTG
CGGGGAGAAACCTATG000000000,5.680317,,,,CGGGGAGAAACCTATG
CAAGGAGAAGCACGCCATG000000,5.66913,,,,CAAGGAGAAGCACGCCATG
AGGGGAAACCAGCCGATG0000000,5.635708,,,,AGGGGAAACCAGCCGATG
CAAGGACAGCGTGACATG0000000,5.630011,,,,CAAGGACAGCGTGACATG
CGGGGAGGGGAACCATG00000000,5.627021,,,,CGGGGAGGGGAACCATG
AGTGGAGGGCACGAGAATG000000,5.615726,,,,AGTGGAGGGCACGAGAATG
AAAGGAGCAGTCATTG000000000,5.614497,,,,AAAGGAGCAGTCATTG
GAAGGAGGGGGTCGATG00000000,5.609313,,,,GAAGGAGGGGGTCGATG
CCGGGAGAGGCCAATG000000000,5.580529,,,,CCGGGAGAGGCCAATG
ACGGGATGACGACAATG00000000,5.571834,,,,ACGGGATGACGACAATG
GGAGGAGGGCACCGATG00000000,5.570291,,,,GGAGGAGGGCACCGATG
GCAGGAGGAGAAGATG000000000,5.565142,,,,GCAGGAGGAGAAGATG
TCAGGAGGGACGACATG00000000,5.545576,,,,TCAGGAGGGACGACATG
CGGGGAGGGGCACGATG00000000,5.519011,,,,CGGGGAGGGGCACGATG
GAAGGAGAATCGCATGGACATG000,5.514673,,,,GAAGGAGAATCGCATGGACATG
CGGGGAGGGCATATG0000000000,5.510529,,,,CGGGGAGGGCATATG
AAAGGAAGATCCCATG000000000,5.402774,,,,AAAGGAAGATCCCATG
AAAGGAAAAGGACGGGATCGGAATG,5.331788,,,,AAAGGAAAAGGACGGGATCGGAATG
GAAGGTGGGCGCCGTG000000000,5.243164,,,,GAAGGTGGGCGCCGTG
TAGGGAAAAGCCGATG000000000,5.239584,,,,TAGGGAAAAGCCGATG
AAGGGAGGGGCGGGTCATG000000,5.230571,,,,AAGGGAGGGGCGGGTCATG
CAAGGATTTGGAAATCACTGCATG0,5.221277,,,,CAAGGATTTGGAAATCACTGCATG
GGGGGACAAGGGTCGCAGATG0000,5.206118,,,,GGGGGACAAGGGTCGCAGATG
AAAGGTGCACGGGAACGCCCCATG0,5.173076,,,,AAAGGTGCACGGGAACGCCCCATG
AAAGGAAAGAGGTTCCATG000000,5.134444,,,,AAAGGAAAGAGGTTCCATG
TCAGGAGCAGCATCATG00000000,5.120926,,,,TCAGGAGCAGCATCATG
TCGGGAGAATGACCATG00000000,5.120025,,,,TCGGGAGAATGACCATG
CGAGGAGGCGCGCCCATG0000000,5.117969,,,,CGAGGAGGCGCGCCCATG
GCAGGAGGAGGCGATCTGACATG00,5.106864,,,,GCAGGAGGAGGCGATCTGACATG
ACAGGAGGGCCGATATG00000000,5.082699,,,,ACAGGAGGGCCGATATG
ACCGGAGAAACCATG0000000000,5.064452,,,,ACCGGAGAAACCATG
AGCGGAGGAGGCGGCGCGATG0000,5.042729,,,,AGCGGAGGAGGCGGCGCGATG
AACGGAAATTCGTGTGATG000000,5.005396,,,,AACGGAAATTCGTGTGATG
AGAGGAGGGGCAAAAATG0000000,4.993108,,,,AGAGGAGGGGCAAAAATG
GACGGAGGAACCAGACATG000000,4.818555,,,,GACGGAGGAACCAGACATG
CAAGGAGCGAAGGGCGCATG00000,4.762941,,,,CAAGGAGCGAAGGGCGCATG
CAGGGAGTGCCGCGTGATG000000,4.748786,,,,CAGGGAGTGCCGCGTGATG
AGGGGAAGAGGATATG000000000,4.720341,,,,AGGGGAAGAGGATATG
TGAGGACACTGTGCCATG0000000,4.581147,,,,TGAGGACACTGTGCCATG
GGAGGAGATCGCGATG000000000,4.29267,,,,GGAGGAGATCGCGATG
AAGGGAGGATATCACGATG000000,3.85641,,,,AAGGGAGGATATCACGATG
